bedrooms,bathrooms,sqft_living,sqft_lot,floors,condition,sqft_above,sqft_basement,yr_built,water_view_score,zipcode,sqft_per_bedroom,age,predicted_price
3.0,1.75,1840,7412,1.0,4,1240,600,1976,0,98031,460.0,49,258493.37621483562
3.0,1.0,1410,7200,2.0,4,1410,0,1901,0,98144,352.5,124,486258.12821273
3.0,2.0,1560,8640,1.0,5,1560,0,1967,0,98034,390.0,58,480630.8648001463
3.0,3.25,2940,5432,3.0,4,2440,500,1978,3,98109,735.0,47,1214571.6013891995
3.0,2.5,2810,5400,2.0,3,2810,0,2005,0,98052,702.5,20,754137.1281238481
4.0,2.5,2610,4595,2.0,3,2610,0,2008,0,98028,522.0,17,550603.5056064522
4.0,2.5,3230,7331,2.0,3,3230,0,2004,0,98075,646.0,21,773832.174002762
4.0,1.75,2010,8625,1.0,4,1340,670,1957,0,98133,402.0,68,421298.27691773063
3.0,1.75,1700,17355,1.0,3,1200,500,1978,0,98038,425.0,47,230373.7407822201
5.0,2.5,2340,13713,1.0,2,1670,670,1967,0,98003,390.0,58,286137.09171136597
4.0,2.5,3740,8700,1.0,3,2260,1480,2004,0,98058,748.0,21,573379.32855093
2.0,2.5,2510,14878,2.0,3,2510,0,1990,0,98011,836.6666666666666,35,550033.3584947895
3.0,2.5,2860,4442,2.0,3,2860,0,2000,0,98199,715.0,25,900799.9170377192
3.0,2.5,1820,8085,2.0,3,1820,0,1983,0,98055,455.0,42,345071.15808279125
3.0,2.5,1670,8364,1.0,4,1300,370,1990,0,98042,417.5,35,247609.21461824386
3.0,1.5,1620,6630,1.0,3,1280,340,1954,0,98117,405.0,71,520163.19087761606
2.0,2.5,1380,951,3.0,3,1380,0,2006,0,98103,460.0,19,513738.52291284385
3.0,2.25,2950,78843,1.5,3,2950,0,2006,0,98075,737.5,19,742694.9231586808
4.0,1.75,1980,10800,1.0,5,990,990,1948,0,98040,396.0,77,744342.9955117477
3.0,1.0,1390,12823,1.0,4,1390,0,1968,0,98077,347.5,57,381134.9731298263
3.0,1.75,1840,8601,1.0,3,920,920,1905,0,98118,460.0,120,395594.9705431287
3.0,1.0,1580,5000,1.5,3,1580,0,1926,0,98117,395.0,99,520586.1533761219
4.0,2.5,3950,10856,3.0,3,3950,0,2013,0,98075,790.0,12,892778.2396600634
5.0,2.5,2920,5568,2.0,3,2320,600,1906,0,98112,486.6666666666667,119,1076138.4580949307
3.0,1.5,1550,4980,1.0,3,1080,470,1978,0,98133,387.5,47,327818.6442281022
4.0,2.5,2670,8765,2.0,3,2670,0,2006,0,98059,534.0,19,516738.78719574225
2.0,2.5,1380,1073,2.0,3,1140,240,2011,0,98126,460.0,14,377014.0854808449
3.0,2.75,2810,18731,2.0,4,2810,0,1974,8,98052,702.5,51,1215358.3067049645
4.0,1.5,1550,5053,1.0,4,1180,370,1963,0,98118,310.0,62,371839.01509141666
4.0,3.5,3500,8547,2.0,3,2500,1000,1994,0,98006,700.0,31,856066.6957090625
3.0,1.0,1230,12305,1.0,3,1230,0,1955,0,98004,307.5,70,848822.8731075728
4.0,2.25,3070,8400,2.0,4,3070,0,1970,0,98034,614.0,55,734578.6154095381
4.0,2.5,3190,11375,1.0,5,2210,980,1946,0,98125,638.0,79,699997.595766155
4.0,3.0,2400,3340,1.0,4,1200,1200,1964,0,98107,480.0,61,676938.8093764876
3.0,2.5,2200,11000,2.0,3,2200,0,1978,2,98008,550.0,47,718486.4124359362
3.0,2.5,2190,4882,2.0,3,2190,0,1999,0,98155,547.5,26,481976.9861845096
2.0,1.0,940,9839,1.0,3,940,0,1910,0,98136,313.3333333333333,115,376078.56575623446
3.0,1.75,1560,4049,1.5,3,1000,560,1926,2,98126,390.0,99,484825.22307744675
3.0,2.5,1630,7950,1.0,3,1320,310,1985,0,98042,407.5,40,224587.21243482467
3.0,2.5,1420,1237,3.0,3,1420,0,2014,0,98107,355.0,11,497192.75107205426
4.0,2.5,3290,6203,2.0,3,3290,0,2008,0,98065,658.0,17,652757.0081197508
3.0,1.0,1050,9876,1.0,3,1050,0,1953,0,98028,262.5,72,239609.41833679337
2.0,1.0,650,5400,1.0,3,650,0,1950,0,98122,216.66666666666666,75,380976.46205761435
3.0,1.75,1700,8432,1.0,3,1230,470,1977,0,98125,425.0,48,383834.6985874623
4.0,1.75,2600,11325,1.0,4,1610,990,1969,0,98031,520.0,56,364923.3737969191
5.0,2.25,2980,7781,1.0,3,1580,1400,1960,0,98125,496.6666666666667,65,547363.9860011818
5.0,2.5,2200,4080,1.5,5,1420,780,1916,0,98103,366.6666666666667,109,666563.7938933948
1.0,1.0,960,2640,1.0,3,760,200,1908,0,98112,480.0,117,759508.9862536995
3.0,2.25,2120,14915,1.0,3,1720,400,1979,0,98001,530.0,46,313261.6130140632
3.0,1.0,1590,13000,1.5,3,1590,0,1944,0,98166,397.5,81,326743.8945439005
4.0,1.75,1900,8250,1.0,4,950,950,1955,0,98006,380.0,70,536547.8856662686
2.0,1.0,990,4802,1.0,3,990,0,1947,0,98117,330.0,78,423594.55346581235
2.0,1.0,900,3400,1.0,5,900,0,1905,0,98108,300.0,120,272310.9888878727
4.0,2.0,2490,9525,2.0,5,2490,0,1968,0,98040,498.0,57,916793.2400676061
5.0,4.5,4400,15580,2.0,3,3390,1010,2003,0,98004,733.3333333333334,22,1440113.8025204963
4.0,1.75,1710,10440,1.0,4,1710,0,1955,0,98006,342.0,70,585815.6275846288
3.0,3.5,4080,217697,1.5,3,4080,0,2000,3,98092,1020.0,25,932099.462627416
5.0,3.0,2100,9752,1.0,3,1200,900,2007,0,98003,350.0,18,242019.87402746407
3.0,1.0,1660,7500,1.0,4,1060,600,1940,0,98125,415.0,85,370950.7700935934
4.0,2.5,2500,206474,1.0,3,2500,0,1997,0,98053,500.0,28,667092.1365623144
4.0,2.25,2130,11843,2.0,4,2130,0,1972,0,98040,426.0,53,826920.9622979539
4.0,3.0,2580,209523,2.0,3,2580,0,1984,0,98053,516.0,41,671614.2705873485
4.0,2.25,2060,8470,1.0,3,1440,620,1983,0,98006,412.0,42,587785.3336760034
3.0,1.0,1340,13750,1.0,4,1340,0,1955,0,98006,335.0,70,503642.0612980664
3.0,1.75,1230,9600,1.0,4,1230,0,1984,0,98042,307.5,41,169904.67416810268
3.0,1.0,1560,14333,1.0,4,1560,0,1953,0,98166,390.0,72,354429.93112825777
3.0,1.75,1520,15090,1.0,4,1520,0,1968,0,98038,380.0,57,262653.15491297416
4.0,2.5,3150,7277,2.0,3,3150,0,2006,0,98056,630.0,19,624386.3547907288
4.0,1.5,1880,6200,1.0,5,1440,440,1954,2,98146,376.0,71,499195.25402984436
4.0,2.5,1990,2175,2.0,3,1680,310,2005,0,98107,398.0,20,601657.2204077276
2.0,1.0,740,11250,1.0,2,740,0,1938,0,98146,246.66666666666666,87,152958.31619034853
2.0,2.5,1230,1391,2.0,3,870,360,2004,0,98112,410.0,21,776432.3576048901
2.0,2.25,1730,31491,2.0,4,1730,0,1947,6,98070,576.6666666666666,78,665468.0568895681
5.0,2.5,2690,5557,2.0,3,2690,0,2012,0,98178,448.3333333333333,13,449862.5277241092
4.0,2.5,1740,7500,1.0,4,1220,520,1976,0,98052,348.0,49,520979.84921503573
4.0,2.5,2160,5298,2.5,4,2160,0,1902,0,98122,432.0,123,694793.2476378903
4.0,3.5,4680,9700,2.0,3,3360,1320,2005,0,98006,936.0,20,1069468.1755450396
3.0,1.75,1660,9673,1.0,3,1130,530,1976,0,98072,415.0,49,375680.8520088452
5.0,3.0,2870,5700,1.0,3,1950,920,1964,0,98103,478.3333333333333,61,768470.3772725312
3.0,4.5,4380,47044,2.0,3,3720,660,1968,7,98166,1095.0,57,1303471.9477104428
2.0,2.5,1160,2174,2.0,3,1160,0,1998,0,98106,386.6666666666667,27,281181.37657967187
3.0,2.5,2040,4627,2.0,3,2040,0,1992,0,98052,510.0,33,595383.4108352934
3.0,2.25,1720,4000,1.5,4,1450,270,1921,0,98105,430.0,104,810417.1435433511
5.0,3.25,3160,5000,2.0,3,2180,980,2005,2,98199,526.6666666666666,20,962800.198874745
3.0,1.75,1260,6908,1.0,3,1260,0,1994,0,98038,315.0,31,181286.25055719406
3.0,2.5,2120,7201,2.0,3,2120,0,2003,0,98133,530.0,22,485391.80835328734
4.0,1.75,2670,189486,2.0,3,2670,0,1972,4,98092,534.0,53,612591.110810196
3.0,1.0,1010,9450,1.0,4,1010,0,1959,0,98198,252.5,66,104619.22591620055
4.0,2.75,3040,2800,2.0,3,2100,940,1906,0,98102,608.0,119,846324.3038757062
4.0,2.5,2990,16809,2.0,3,2990,0,1990,0,98077,598.0,35,685712.2750527911
4.0,2.5,2680,7200,1.0,3,1380,1300,1952,0,98033,536.0,73,711713.1250768536
3.0,1.0,1150,8145,1.0,4,990,160,1932,0,98155,287.5,93,270751.7653060422
4.0,2.5,2220,7064,2.0,3,2220,0,1988,0,98029,444.0,37,582572.7283807097
4.0,2.75,4140,24190,2.0,3,4140,0,2002,0,98092,828.0,23,724044.2729734486
3.0,1.75,2290,14800,1.0,3,1620,670,1965,0,98155,572.5,60,455423.1499738427
3.0,1.5,1270,11600,1.0,4,1270,0,1964,0,98031,317.5,61,190531.16803404846
4.0,2.5,2230,5970,2.0,4,2230,0,2002,0,98042,446.0,23,350512.3070080738
3.0,3.5,3950,111078,1.5,3,2460,1490,1989,0,98053,987.5,36,863207.9139292877
4.0,2.5,3250,4500,2.0,3,3250,0,2009,0,98059,650.0,16,636723.2014570367
4.0,1.75,2330,5000,1.5,4,1510,820,1929,0,98117,466.0,96,625570.3600721303
3.0,1.0,910,7700,1.0,4,910,0,1971,0,98034,227.5,54,293830.02442305314
2.0,1.0,1260,4080,1.5,5,1260,0,1926,0,98115,420.0,99,543055.0951215365
3.0,2.25,1950,8868,1.0,3,1350,600,1964,0,98155,487.5,61,404956.30647384975
3.0,1.0,990,8012,1.0,4,990,0,1966,0,98058,247.5,59,141443.51747085823
4.0,2.75,2050,3960,1.0,4,1180,870,1986,0,98116,410.0,39,611463.6128241102
3.0,2.5,2600,5540,2.0,3,2600,0,2004,0,98038,650.0,21,452329.4425888292
4.0,2.25,2220,6953,2.0,4,2220,0,1999,0,98038,444.0,26,370478.41356500133
3.0,2.0,1630,8702,1.0,3,1630,0,1987,0,98056,407.5,38,343448.01311548427
4.0,2.5,1950,2617,1.5,4,1250,700,1910,0,98107,390.0,115,612476.6320246254
4.0,2.75,3330,9143,2.0,4,3330,0,1995,0,98033,666.0,30,958820.6766232394
4.0,2.5,3040,6887,2.0,3,3040,0,1999,0,98074,608.0,26,712649.4200953939
2.0,1.0,800,6500,1.0,4,800,0,1953,0,98133,266.6666666666667,72,242829.9809680049
4.0,1.5,2670,10026,2.0,3,2670,0,1996,0,98092,534.0,29,383579.8404165002
4.0,2.5,2940,10382,2.0,4,2940,0,1991,0,98059,588.0,34,597352.7396123223
4.0,3.5,2650,3060,2.0,3,2060,590,2001,0,98103,530.0,24,747819.1136330713
3.0,2.5,1820,4883,2.0,3,1820,0,2005,0,98028,455.0,20,403630.5832132445
4.0,2.5,2370,10858,2.0,3,2370,0,2003,0,98004,474.0,22,1073670.9250989417
3.0,1.5,1500,5000,1.5,4,1140,360,1927,0,98117,375.0,98,505439.899253216
3.0,1.75,1960,8136,1.0,3,980,980,1948,0,98106,490.0,77,358693.7652040585
1.0,1.75,750,20339,1.0,4,550,200,1946,0,98059,375.0,79,189186.81891544507
3.0,1.0,1050,5664,1.0,4,910,140,1947,0,98115,262.5,78,457651.8390684774
6.0,2.75,2660,8400,1.0,5,1550,1110,1962,0,98006,380.0,63,695311.080805504
5.0,2.75,2920,11880,1.0,5,1660,1260,1968,0,98027,486.6666666666667,57,602753.7433410335
5.0,2.75,3030,10335,2.0,3,3030,0,2013,0,98056,505.0,12,588012.545300558
2.0,1.5,1920,3408,1.0,4,960,960,1912,0,98122,640.0,113,604182.4019997359
4.0,2.5,2030,3905,1.5,4,1630,400,1926,0,98103,406.0,99,659582.9644562214
4.0,2.5,2650,5600,2.0,3,2650,0,2014,0,98059,530.0,11,510845.10268248984
2.0,1.0,1490,6000,1.0,3,1090,400,1946,0,98112,496.6666666666667,79,826541.403620118
3.0,2.5,1700,3575,2.0,3,1700,0,2000,0,98108,425.0,25,374947.8193949196
4.0,3.25,3770,4103,2.0,5,2710,1060,1925,0,98109,754.0,100,1217993.753926319
3.0,2.0,1510,7066,1.0,3,1230,280,1973,2,98125,377.5,52,476181.43958677026
2.0,1.0,940,5040,1.0,3,940,0,1926,0,98126,313.3333333333333,99,310301.6413672488
3.0,2.0,1670,7757,1.0,3,1670,0,1992,0,98030,417.5,33,274708.3584149631
3.0,2.0,1830,9152,1.0,5,1830,0,1959,0,98006,457.5,66,655114.1805303766
3.0,2.5,2070,4132,2.0,3,2070,0,1999,0,98074,517.5,26,527918.3365489076
4.0,2.5,2700,8810,2.0,3,2700,0,2004,0,98052,540.0,21,713184.702395312
1.0,1.25,1100,638,3.0,3,1100,0,2014,0,98112,550.0,11,735468.4488772549
3.0,1.75,2060,12558,1.0,4,1350,710,1984,0,98052,515.0,41,564142.3747630045
5.0,3.25,5270,17232,2.0,3,4010,1260,1977,1,98040,878.3333333333334,48,1402667.63636711
4.0,2.5,2520,8515,2.0,3,2520,0,1999,0,98019,504.0,26,477508.8664756823
4.0,2.25,1995,7102,2.0,4,1995,0,1981,0,98023,399.0,44,267007.17041271087
4.0,2.75,3130,139392,2.0,4,3130,0,1981,0,98030,626.0,44,580571.7798995068
1.0,1.0,550,1279,2.0,3,550,0,2008,0,98122,275.0,17,335328.1009416671
2.0,1.0,910,7000,1.0,3,910,0,1952,0,98115,303.3333333333333,73,435422.35051990417
3.0,2.0,2180,4976,1.5,4,1680,500,1930,2,98126,545.0,95,647981.3516162843
2.0,2.5,1740,2500,2.0,3,1210,530,1994,2,98112,580.0,31,977434.6354640012
3.0,3.25,1730,1229,2.0,3,1320,410,2008,2,98119,432.5,17,824539.263246642
4.0,2.25,2060,11385,1.0,4,1200,860,1962,0,98023,412.0,63,233318.39756896428
3.0,2.25,2070,15002,1.5,3,2070,0,1955,0,98155,517.5,70,473631.936886232
3.0,2.5,1880,7000,2.0,3,1880,0,1993,0,98031,470.0,32,290327.1161261827
3.0,2.25,1710,4140,2.0,3,1710,0,2004,0,98029,427.5,21,482578.37731674354
4.0,1.5,1130,7840,1.0,4,1130,0,1970,0,98023,226.0,55,97096.75365208398
4.0,2.5,3190,7869,2.0,3,3190,0,2001,2,98065,638.0,24,739967.3286679817
4.0,2.0,2030,9600,1.5,3,1430,600,1947,0,98188,406.0,78,230376.8371600142
4.0,2.25,1950,9800,1.0,3,1330,620,1968,0,98033,390.0,57,612961.2438022731
3.0,1.75,3320,478288,1.5,4,2260,1060,1933,3,98022,830.0,92,675698.6433808892
3.0,2.5,1660,1545,2.0,3,1400,260,2002,2,98109,415.0,23,896812.0947525043
3.0,1.0,1140,4200,2.0,4,1140,0,1904,0,98144,285.0,121,428960.82848533493
2.0,1.5,1190,3400,1.0,3,990,200,1919,0,98115,396.6666666666667,106,497151.4590346217
4.0,2.5,3200,7500,1.5,5,1860,1340,1948,1,98115,640.0,77,879773.7347704063
3.0,1.0,1010,25000,1.0,3,1010,0,1966,0,98014,252.5,59,285014.62915085925
4.0,2.5,2050,5787,2.0,3,2050,0,2002,0,98198,410.0,23,288719.73588575533
2.0,1.0,940,4800,1.0,4,940,0,1911,0,98116,313.3333333333333,114,459505.3502762964
5.0,2.0,1700,7314,1.0,3,1000,700,1956,0,98108,283.3333333333333,69,301330.10465511587
4.0,3.75,4100,22798,1.5,5,2540,1560,1934,3,98040,820.0,91,1337475.0334045799
4.0,2.75,1680,11180,1.0,4,1680,0,1966,0,98052,336.0,59,566335.7696103656
3.0,1.75,1230,7500,1.0,3,1230,0,1987,0,98034,307.5,38,357615.61657504464
4.0,2.25,2560,9731,2.0,4,2560,0,1973,0,98034,512.0,52,627850.675073929
3.0,1.0,1330,5412,2.0,5,1330,0,1905,0,98022,332.5,120,178784.96540134907
3.0,1.75,1560,8078,1.5,4,1560,0,1928,8,98040,390.0,97,1160229.0421058973
3.0,2.25,1680,35127,2.0,3,1680,0,1987,0,98092,420.0,38,217846.6925175726
2.0,1.0,1260,4377,1.0,4,1260,0,1947,0,98103,420.0,78,537473.1570922129
4.0,1.75,2330,4000,2.0,5,1300,1030,1924,0,98105,466.0,101,841613.0546026081
3.0,2.75,2100,10362,2.0,3,1510,590,1998,0,98068,525.0,27,272372.58933959506
4.0,3.5,3410,10769,2.0,3,3410,0,2008,0,98004,682.0,17,1317452.959700291
3.0,2.5,2780,33503,1.5,4,2110,670,1969,1,98075,695.0,56,732806.2688974016
2.0,1.0,1210,4800,1.0,3,1060,150,1950,0,98108,403.3333333333333,75,272225.9016897412
3.0,2.25,1470,4653,2.0,4,1470,0,1985,0,98029,367.5,40,457493.3234710776
4.0,2.75,3730,8014,2.0,3,3730,0,2012,0,98074,746.0,13,860660.9405958964
3.0,2.25,1290,2500,2.0,4,1290,0,1987,0,98112,322.5,38,823222.0858751452
4.0,3.5,3810,9792,2.0,3,3810,0,1938,0,98146,762.0,87,823974.7515241985
3.0,1.0,1480,6978,2.0,4,1480,0,1949,0,98004,370.0,76,894550.7087118068
3.0,1.5,1440,28516,1.0,4,1440,0,1975,0,98075,360.0,50,445988.563854096
3.0,2.25,1640,8400,1.0,3,1180,460,1968,0,98032,410.0,57,163793.3529204693
6.0,4.5,3830,4800,3.0,3,3050,780,1919,0,98119,547.1428571428571,106,1094037.204722859
4.0,2.25,2410,4560,2.0,5,1800,610,1929,2,98117,482.0,96,789282.81571352
4.0,2.25,2450,62290,2.0,3,2450,0,1976,0,98077,490.0,49,570127.565999105
4.0,4.25,4960,6000,2.5,3,3680,1280,1909,0,98109,992.0,116,1419754.8894313923
3.0,2.5,2430,15264,2.0,3,2430,0,1997,0,98030,607.5,28,418278.95636029483
3.0,1.0,910,8000,1.0,4,740,170,1950,0,98177,227.5,75,362915.3363371586
4.0,2.5,2540,38677,2.0,3,2540,0,1987,0,98053,508.0,38,644790.4605723779
4.0,3.0,3130,5700,1.5,3,1750,1380,1953,0,98115,626.0,72,778779.8079912412
3.0,1.75,2330,12141,1.0,3,1390,940,1983,0,98072,582.5,42,476445.34357555496
3.0,2.5,1720,8755,1.0,3,1000,720,1983,0,98023,430.0,42,173690.16650556837
4.0,2.25,2530,9200,1.0,5,1570,960,1976,0,98006,506.0,49,697842.7521782302
4.0,2.0,2090,6630,1.0,3,1070,1020,1974,0,98178,418.0,51,269276.76478182484
3.0,1.75,1050,5850,1.0,3,1050,0,1980,0,98166,262.5,45,241729.9364774819
3.0,1.5,1710,4500,1.5,3,1410,300,1928,0,98118,427.5,97,399750.3302144944
3.0,1.0,1200,7280,1.0,4,1200,0,1967,0,98032,300.0,58,100481.46710435784
4.0,2.25,2260,41984,1.0,4,2260,0,1967,0,98033,452.0,58,757574.0259619957
3.0,2.5,1600,1936,2.0,3,1600,0,2007,0,98108,400.0,18,352490.72702222655
3.0,3.0,3910,19023,2.0,3,3910,0,1985,0,98014,977.5,40,916655.8758582314
2.0,1.75,2050,11900,1.0,4,2050,0,1950,0,98004,683.3333333333334,75,1083634.6049548518
6.0,2.75,2300,24773,1.5,4,2300,0,1950,0,98040,328.57142857142856,75,863875.1967954665
2.0,2.0,1700,3171,1.0,5,850,850,1927,0,98002,566.6666666666666,98,243383.70965401025
3.0,1.0,1150,4945,1.0,3,1150,0,1943,2,98126,287.5,82,440919.2539554577
5.0,2.5,3001,5710,2.0,3,3001,0,2006,0,98030,500.1666666666667,19,500198.5310423235
3.0,1.75,1490,9800,1.0,4,1140,350,1947,0,98004,372.5,78,914812.7182211993
3.0,1.0,1500,4100,1.5,3,1370,130,1926,0,98107,375.0,99,521224.95865760057
2.0,2.0,1860,10856,1.0,3,1260,600,1952,0,98178,620.0,73,300975.62281593983
3.0,1.75,1020,7020,1.5,4,1020,0,1953,0,98155,255.0,72,260804.38573671493
5.0,3.75,3090,7415,2.0,3,3090,0,2014,0,98148,515.0,11,588905.0732943494
3.0,1.5,2320,7500,1.0,3,2320,0,1976,0,98019,580.0,49,458924.1782071115
4.0,2.25,2540,228254,1.0,3,1450,1090,1990,0,98019,508.0,35,408425.97817932663
3.0,2.25,1520,1245,3.0,3,1520,0,2004,0,98103,380.0,21,518867.2704790555
4.0,2.5,2250,3916,2.0,3,2250,0,2014,0,98092,450.0,11,320697.9837483149
2.0,1.0,810,4080,1.0,4,810,0,1941,0,98126,270.0,84,300840.1656302261
4.0,1.0,1230,7410,1.5,3,1230,0,1944,0,98166,246.0,81,235266.05141372158
5.0,2.0,1930,6120,1.5,3,1930,0,1941,0,98146,321.6666666666667,84,388022.4956594348
4.0,2.5,2330,9928,2.0,3,2330,0,1998,0,98045,466.0,27,428003.2076661257
2.0,1.0,1120,9912,1.0,4,1120,0,1980,0,98070,373.3333333333333,45,202672.50439027377
3.0,1.75,1900,3000,1.5,5,1070,830,1903,0,98118,475.0,122,444876.7680521407
3.0,3.75,3890,7140,1.0,3,2390,1500,1943,2,98178,972.5,82,781721.2204686711
2.0,2.5,2540,7089,2.0,3,2540,0,2004,0,98116,846.6666666666666,21,772063.44736011
3.0,2.25,1870,9000,1.0,3,1440,430,1978,0,98011,467.5,47,379552.5955181382
3.0,2.5,1620,7410,1.0,5,1620,0,1955,0,98133,405.0,70,462183.1382095326
3.0,1.75,1620,7330,1.0,4,1090,530,1974,0,98034,405.0,51,413836.8281244129
2.0,1.0,820,3844,1.0,4,820,0,1916,0,98133,273.3333333333333,109,254711.6232623068
3.0,1.75,1390,10905,1.0,3,860,530,1957,0,98106,347.5,68,279418.59074658004
3.0,2.5,2610,7256,2.0,3,2610,0,2014,0,98033,652.5,11,794654.1562809427
3.0,1.0,1230,8114,1.0,4,1230,0,1951,0,98004,307.5,74,870836.5623606427
3.0,1.75,1150,9600,1.0,3,1150,0,1979,0,98045,287.5,46,209934.94253014046
1.0,1.0,700,5100,1.0,3,700,0,1942,0,98115,350.0,83,410485.14544797793
4.0,3.0,2330,3497,2.0,3,1920,410,2003,0,98108,466.0,22,464706.72585069784
3.0,1.75,2310,11200,1.0,4,1630,680,1978,0,98030,577.5,47,362517.17013330304
3.0,2.5,2080,9827,2.0,3,2080,0,1989,0,98023,520.0,36,286122.1918291054
3.0,2.5,2490,4000,2.0,5,1670,820,1918,0,98109,622.5,107,972044.7159271586
3.0,1.75,1510,8301,1.0,3,1510,0,1967,0,98034,377.5,58,420497.09901122923
4.0,1.5,1390,7200,1.0,3,1140,250,1965,0,98133,278.0,60,301450.1603126101
5.0,3.25,3240,6551,1.5,4,2500,740,1939,4,98115,540.0,86,1088497.7319730402
2.0,1.0,800,6380,1.0,3,800,0,1940,2,98115,266.6666666666667,85,521084.75393727515
2.0,2.0,1460,9052,1.0,5,1460,0,1900,2,98033,486.6666666666667,125,759009.0281729464
2.0,2.5,1240,2689,2.0,3,1240,0,1986,0,98003,413.3333333333333,39,157285.18042933889
2.0,1.75,1510,4980,1.0,3,1510,0,2006,0,98053,503.3333333333333,19,467764.1679749815
4.0,2.5,2341,9594,2.0,3,2341,0,1997,0,98052,468.2,28,639947.9661219215
4.0,1.75,2090,8164,1.0,4,1070,1020,1963,0,98052,418.0,62,528520.6137664192
3.0,2.25,1970,2377,2.0,3,1680,290,2008,0,98108,492.5,17,395673.22897100414
3.0,1.0,990,6750,1.0,4,990,0,1947,0,98133,247.5,78,267878.8089772558
2.0,2.5,1150,2064,2.0,3,1150,0,2004,0,98001,383.3333333333333,21,136742.1972266832
2.0,1.0,720,4840,1.0,4,720,0,1947,0,98126,240.0,78,280505.40914832096
5.0,3.0,2870,4369,2.0,3,2090,780,2007,0,98011,478.3333333333333,18,507208.03842130717
4.0,2.5,2690,18653,2.0,3,2690,0,1985,0,98074,538.0,40,642977.5746763712
4.0,2.5,2960,5054,2.0,3,2960,0,2006,0,98038,592.0,19,508805.40675840725
3.0,1.0,1500,3920,1.0,3,1000,500,1947,0,98107,375.0,78,496831.1259431543
4.0,1.5,1950,12559,1.5,3,1950,0,1939,0,98188,390.0,86,257316.8604909184
4.0,1.75,1940,6909,1.0,4,970,970,1941,0,98133,388.0,84,381991.4937624345
4.0,2.5,2260,3713,2.0,3,2260,0,2003,0,98034,452.0,22,544878.8448204849
3.0,2.5,1580,1161,2.0,3,1010,570,2008,0,98112,395.0,17,812199.4568285539
3.0,1.75,1660,10150,1.5,3,1660,0,1957,0,98133,415.0,68,391824.96935193526
3.0,1.0,1180,11862,1.0,4,1180,0,1948,0,98177,295.0,77,435906.6732000679
3.0,1.75,1570,15330,1.0,3,1080,490,1956,0,98166,392.5,69,310167.4193882247
3.0,2.25,1670,1596,2.0,3,1220,450,2002,0,98199,417.5,23,601680.9102165375
5.0,2.25,2890,12478,2.0,3,2890,0,1977,0,98074,481.6666666666667,48,662064.6792170765
3.0,2.5,1690,5025,2.0,3,1690,0,2003,0,98023,422.5,22,201339.29795324994
3.0,2.25,2180,7741,2.0,3,2180,0,1986,0,98074,545.0,39,546663.0796910876
4.0,1.75,1980,9000,1.0,2,1480,500,1978,0,98023,396.0,47,190184.95134409342
2.0,1.75,1210,1032,2.0,3,1210,0,2014,0,98029,403.3333333333333,11,378508.2834203263
3.0,2.25,1620,1075,3.0,3,1540,80,2009,0,98029,405.0,16,426035.6066151536
2.0,1.5,1480,7276,1.0,4,940,540,1978,0,98056,493.3333333333333,47,288267.3949417678
3.0,2.5,3010,7014,2.0,3,3010,0,2009,0,98059,752.5,16,605486.6898220386
3.0,2.25,2090,12112,2.0,3,2090,0,1983,0,98052,522.5,42,600800.0959493438
3.0,2.5,1720,1916,2.0,3,1720,0,2005,0,98056,430.0,20,343533.7965565686
4.0,2.5,3002,6042,2.0,3,3002,0,2004,0,98031,600.4,21,504618.95131249767
4.0,2.0,2030,103672,1.0,4,2030,0,1969,0,98022,406.0,56,333446.7328673948
4.0,1.75,1200,7680,1.0,3,1200,0,1968,0,98092,240.0,57,119631.28557907714
3.0,1.5,1470,14821,1.0,4,1470,0,1958,0,98042,367.5,67,218643.41764935525
4.0,3.0,3370,7920,1.0,3,1860,1510,1988,3,98117,674.0,37,953887.8799650453
3.0,2.0,1540,7947,1.0,3,1120,420,1961,0,98011,385.0,64,307711.47540558234
2.0,1.0,1470,6120,1.0,2,1470,0,1940,0,98115,490.0,85,535492.7233142012
3.0,2.0,1380,4800,1.0,3,1380,0,1948,0,98119,345.0,77,689086.0687988665
3.0,1.75,1820,22320,1.0,3,1250,570,1977,0,98053,455.0,48,468021.79080447217
3.0,2.0,1530,8925,1.0,3,1530,0,1977,0,98011,382.5,48,341550.3221814067
3.0,1.75,1760,7482,1.0,4,1760,0,1966,0,98023,440.0,59,252830.28557169676
4.0,3.25,4700,9160,1.0,3,2520,2180,2005,4,98116,940.0,20,1242687.6929662728
3.0,1.0,1080,8100,1.0,4,1080,0,1955,0,98155,270.0,70,266241.00362057454
3.0,1.75,2000,9900,1.0,4,1480,520,1957,2,98166,500.0,68,524996.0014617253
3.0,1.75,2200,14630,1.5,3,2200,0,1948,1,98004,550.0,77,1113716.379606112
2.0,1.75,2040,28593,1.5,4,2040,0,1919,7,98070,680.0,106,790641.9255333042
4.0,2.75,2910,18700,1.0,3,2210,700,1957,0,98177,582.0,68,741419.0237749378
3.0,2.5,1630,7700,1.0,3,1120,510,1978,0,98031,407.5,47,222488.2324600793
4.0,3.25,2780,7875,2.0,3,2780,0,2006,0,98133,556.0,19,626161.2287825777
5.0,2.5,2700,16570,1.0,4,1750,950,1967,0,98005,450.0,58,738495.1311238627
3.0,2.5,1480,8381,1.0,4,1480,0,1968,0,98125,370.0,57,426061.3623318647
3.0,2.0,1670,4572,1.5,3,1670,0,1931,0,98117,417.5,94,566802.8808791146
3.0,2.5,1150,887,3.0,3,1150,0,2007,0,98133,287.5,18,251958.45657425246
2.0,1.0,800,6240,1.0,3,800,0,1954,0,98125,266.6666666666667,71,238529.69432292425
5.0,3.5,3280,4000,2.0,3,2440,840,2003,0,98117,546.6666666666666,22,802495.1396861015
4.0,1.0,1940,5753,1.5,3,1940,0,1947,0,98177,388.0,78,542522.129022825
4.0,3.5,3400,5196,2.0,3,3400,0,2012,0,98065,680.0,13,703190.9544944649
3.0,1.0,1460,10000,1.5,3,1460,0,2002,0,98074,365.0,23,371479.1408118041
3.0,2.0,2420,38781,1.0,5,1210,1210,1949,0,98027,605.0,76,521337.12826644606
4.0,2.5,2670,13463,2.0,4,2670,0,1989,0,98029,534.0,36,697421.2960061954
2.0,1.0,1010,3000,1.0,4,1010,0,1925,0,98045,336.6666666666667,100,208229.53055616992
4.0,2.0,1630,9010,1.0,4,1050,580,1975,0,98092,326.0,50,181869.56877587648
3.0,2.5,3830,48743,2.0,3,3830,0,1991,0,98006,957.5,34,1011198.5497774201
4.0,1.75,2120,4650,1.0,3,1190,930,1951,1,98117,424.0,74,613547.9388891185
4.0,2.5,3070,6432,2.0,3,3070,0,2006,0,98055,614.0,19,583583.6083614526
3.0,2.75,3890,7216,2.0,3,3260,630,1967,1,98118,972.5,58,892144.513183147
2.0,2.0,2370,217800,1.5,3,1600,770,1992,0,98027,790.0,33,509905.61524078896
4.0,2.5,4620,20793,2.0,4,4620,0,1991,0,98023,924.0,34,818593.2516665568
3.0,2.0,1450,2400,1.5,3,1450,0,1900,0,98107,362.5,125,556653.660393536
4.0,2.5,2560,8780,2.0,3,2560,0,1992,0,98029,512.0,33,652533.1216307059
2.0,1.0,770,7906,1.0,4,770,0,1948,0,98155,256.6666666666667,77,218659.06302570843
2.0,1.0,1040,5527,1.0,3,1040,0,1951,0,98115,346.6666666666667,74,463192.5305818161
4.0,2.5,1700,7280,2.0,4,1700,0,1988,0,98031,340.0,37,258293.9676079455
3.0,1.75,1110,9012,1.0,4,1110,0,1966,0,98052,277.5,59,434965.97968396236
2.0,1.0,1090,5000,1.0,4,730,360,1942,0,98126,363.3333333333333,83,326449.70149768266
4.0,2.5,2700,10814,1.0,4,1560,1140,1966,0,98030,540.0,59,406919.9610606447
2.0,2.5,2380,9374,1.0,3,2380,0,2011,2,98053,793.3333333333334,14,779312.5670411707
4.0,3.75,3070,5850,2.0,5,2400,670,1927,0,98112,614.0,98,1191488.8374807844
3.0,2.75,2390,9966,1.0,5,1360,1030,1977,0,98006,597.5,48,693862.1238606666
4.0,2.5,1660,8063,1.0,4,1660,0,1978,0,98198,332.0,47,262963.90380315314
2.0,1.0,1340,7788,1.0,3,1340,0,1947,2,98178,446.6666666666667,78,325765.8280241565
3.0,1.0,1300,8160,1.0,4,1300,0,1960,0,98056,325.0,65,272738.1116130395
4.0,1.75,2350,11914,1.0,4,2350,0,1961,0,98040,470.0,64,889887.4860081673
3.0,2.25,2760,40946,2.0,5,2760,0,1978,0,98005,690.0,47,858091.4071102821
3.0,2.0,2360,4800,2.0,3,2360,0,1909,0,98112,590.0,116,1035458.3874954728
4.0,2.5,1954,4805,2.0,3,1954,0,2005,0,98031,390.8,20,286291.9120508008
3.0,2.5,1495,936,3.0,3,1405,90,2006,0,98144,373.75,19,465931.43115907843
3.0,2.5,1250,1103,3.0,3,1250,0,2005,2,98103,312.5,20,575675.6223093389
5.0,3.0,1810,3000,2.0,3,1810,0,1998,0,98118,301.6666666666667,27,429580.08658328286
2.0,1.0,1110,6800,1.0,5,1000,110,1947,0,98133,370.0,78,320879.6852953132
4.0,3.5,3120,5086,2.0,3,2480,640,2008,0,98115,624.0,17,834040.2283081481
3.0,1.75,2960,12420,1.0,4,1480,1480,1952,2,98116,740.0,73,847805.8199990236
4.0,2.5,2560,4020,2.0,3,2560,0,2006,0,98038,512.0,19,425541.7447917487
4.0,2.5,2070,7476,2.0,3,2070,0,2003,0,98092,414.0,22,285603.27531953575
3.0,2.5,1070,1155,2.0,3,720,350,2005,0,98116,267.5,20,410260.99215671374
3.0,2.0,1380,3600,3.0,3,1380,0,2013,0,98122,345.0,12,475451.37361915
4.0,1.75,2700,27072,1.0,3,1380,1320,1958,0,98003,540.0,67,318851.3028079634
3.0,2.0,1630,8018,1.0,3,1630,0,2003,0,98047,407.5,22,245972.37313332717
3.0,1.0,1220,13000,1.0,4,1220,0,1955,0,98133,305.0,70,314572.2822180964
2.0,2.0,1140,8282,1.0,3,1140,0,1924,0,98033,380.0,101,537004.8276154208
3.0,2.5,2040,10086,2.0,3,2040,0,1987,0,98052,510.0,38,596540.6041179441
4.0,2.75,2020,10720,1.0,4,1420,600,1976,0,98052,404.0,49,578942.5955960668
5.0,2.0,2700,10875,1.0,4,1540,1160,1962,0,98007,450.0,63,684100.7340567086
3.0,2.5,3040,7232,2.0,3,3040,0,2003,0,98092,760.0,22,506159.4078708391
4.0,1.5,1840,11367,1.5,4,1840,0,1950,0,98177,368.0,75,556678.9884256398
4.0,1.75,2320,4322,1.0,3,1140,1180,1910,0,98144,464.0,115,576407.5010769888
4.0,3.25,2050,5000,2.0,4,1370,680,1987,0,98112,410.0,38,930324.383379135
4.0,2.5,2690,7947,2.0,3,2690,0,1993,0,98058,538.0,32,466327.9402050607
3.0,1.5,1800,22000,2.0,3,1800,0,1931,0,98168,450.0,94,311039.27511615376
4.0,1.75,2080,7200,1.0,4,1050,1030,1966,0,98001,416.0,59,238420.07336788473
4.0,2.0,2050,4000,1.5,5,1210,840,1941,0,98144,410.0,84,580630.3402153312
4.0,2.5,2440,11005,2.0,3,2440,0,1994,0,98056,488.0,31,479208.33952833834
3.0,3.5,1360,1419,2.0,3,1040,320,2007,0,98107,340.0,18,513663.1688881655
3.0,2.75,1250,892,2.0,3,1040,210,2010,0,98116,312.5,15,467134.38486855815
2.0,1.75,1710,4234,2.0,3,1330,380,1920,0,98136,570.0,105,494019.62298730743
5.0,2.0,1940,6000,1.0,5,970,970,1945,0,98115,323.3333333333333,80,583830.7611239066
4.0,3.5,2960,6000,2.0,3,2960,0,2014,0,98065,592.0,11,611226.8496672328
4.0,3.5,3860,18334,2.0,3,3120,740,1996,0,98077,772.0,29,824803.9504621851
4.0,2.5,3240,20301,2.0,3,3240,0,1985,0,98052,648.0,40,829758.7327685214
3.0,2.0,1840,4750,1.0,5,1010,830,1951,0,98117,460.0,74,577833.0262036511
3.0,1.75,1860,15681,1.0,4,1860,0,1971,0,98023,465.0,54,272933.3777856354
4.0,1.5,1490,7560,2.0,3,1490,0,1966,0,98198,298.0,59,151309.62186025234
4.0,2.5,3000,9793,2.0,3,3000,0,2002,0,98038,600.0,23,518063.30554343195
3.0,1.0,1280,9898,1.0,3,1280,0,1968,0,98072,320.0,57,325899.2725977121
4.0,3.5,3450,7832,2.0,3,3450,0,2007,0,98006,690.0,18,936374.8290396815
3.0,1.75,1300,2580,1.0,5,820,480,1919,0,98115,325.0,106,526625.6121402091
4.0,2.5,2360,10000,1.0,3,1980,380,1977,3,98126,472.0,48,730363.7970676902
4.0,2.0,1900,76877,1.0,3,1900,0,2004,0,98042,380.0,21,276571.4933885132
3.0,2.5,1560,4200,2.0,3,1560,0,2003,0,98038,390.0,22,234459.38673516084
3.0,2.75,2890,12130,2.0,4,2830,60,1987,3,98033,722.5,38,1041638.0111918154
2.0,1.75,1240,6417,1.0,5,1240,0,1924,0,98126,413.3333333333333,101,438266.8377198239
4.0,2.75,2310,5650,1.0,3,1330,980,1952,2,98118,462.0,73,596056.4492021222
5.0,2.5,2950,5500,1.5,5,1720,1230,1918,0,98144,491.6666666666667,107,733470.3425005425
4.0,3.5,2550,8698,2.0,3,2550,0,2007,0,98065,510.0,18,527418.0380630472
3.0,3.25,1410,1246,3.0,3,1410,0,2005,0,98103,352.5,20,523992.4455703263
4.0,2.75,2000,5827,2.0,3,2000,0,1997,0,98038,400.0,28,318013.0909911031
3.0,2.5,2950,10254,2.0,3,2950,0,2006,0,98059,737.5,19,593600.485406814
5.0,5.0,5774,31675,1.0,3,4490,1284,1984,2,98003,962.3333333333334,41,1135471.1602911106
3.0,2.5,2660,4975,2.0,3,2660,0,2014,0,98118,665.0,11,622936.7231651539
3.0,1.0,1100,4128,1.0,4,720,380,1942,0,98126,275.0,83,309865.2731289178
3.0,1.75,1590,11914,1.0,3,1090,500,1957,2,98188,397.5,68,276541.91753709846
2.0,1.0,810,4800,1.0,3,810,0,1948,0,98126,270.0,77,278127.9496422387
3.0,2.25,1680,9090,1.0,4,1130,550,1959,0,98008,420.0,66,498720.8100969864
2.0,0.75,840,40642,1.0,4,840,0,1937,8,98070,280.0,88,571860.1649856742
3.0,1.5,2360,6750,2.0,5,1930,430,1926,0,98103,590.0,99,721485.9133924313
3.0,2.5,2010,2287,2.0,3,1390,620,2014,0,98029,502.5,11,492529.17253391095
3.0,2.5,2170,4905,2.0,3,2170,0,2004,0,98038,542.5,21,362160.83808855806
3.0,2.0,1760,11410,1.0,5,1060,700,1977,0,98058,440.0,48,284935.46465944435
4.0,1.0,2550,4000,2.0,3,2370,180,1905,0,98109,510.0,120,944048.6983076831
4.0,2.5,2070,5415,2.0,3,2070,0,1996,0,98029,414.0,29,549658.2236052055
5.0,3.0,1940,6355,1.0,3,1200,740,2007,0,98168,323.3333333333333,18,293835.8716400942
4.0,2.0,2470,5080,1.5,3,1970,500,1948,0,98106,494.0,77,485143.4658372955
4.0,3.5,4280,9583,2.0,3,4280,0,2005,0,98004,856.0,20,1499101.2838568077
2.0,1.0,2060,8398,1.0,3,1260,800,1962,0,98168,686.6666666666666,63,318276.4563538125
4.0,2.5,2970,4400,2.0,3,2970,0,2014,0,98052,594.0,11,767198.3631027438
6.0,2.0,2220,8797,1.0,3,2220,0,1977,0,98002,317.14285714285717,48,311325.93606931024
3.0,3.25,3740,136915,2.5,3,3100,640,1990,0,98166,935.0,35,745622.7649958471
4.0,1.75,1720,8750,1.0,3,860,860,1971,0,98034,344.0,54,366709.85321851715
3.0,2.5,1870,4060,2.0,3,1870,0,2005,0,98042,467.5,20,270534.75099610206
4.0,3.0,4590,9150,2.0,3,3490,1100,1981,0,98177,918.0,44,1026470.2117605838
4.0,2.75,2620,4743,1.0,4,1310,1310,1949,2,98117,524.0,76,785446.2391928736
4.0,3.75,4610,40202,1.0,4,2500,2110,1980,0,98027,922.0,45,897266.2126417672
2.0,1.0,1310,7128,1.0,4,940,370,1980,0,98031,436.6666666666667,45,164091.99416465202
3.0,1.0,1450,7200,1.0,3,1010,440,1969,0,98034,362.5,56,345070.7682836423
4.0,2.0,1930,6600,1.0,4,1030,900,1967,0,98168,386.0,58,293982.3059973159
3.0,2.75,2470,3600,2.0,3,2470,0,2007,0,98029,617.5,18,655484.5421945133
2.0,1.0,700,5200,1.0,5,700,0,1952,0,98056,233.33333333333334,73,185592.66791121342
3.0,2.5,2930,6050,2.0,3,2930,0,2008,0,98065,732.5,17,596365.9314832356
3.0,1.75,1610,8613,1.0,5,1610,0,1962,0,98033,402.5,63,646173.6362681546
5.0,2.5,2240,7543,1.0,3,1140,1100,1966,0,98177,373.3333333333333,59,539116.8143922903
3.0,1.0,920,14400,1.0,4,920,0,1977,0,98001,230.0,48,85221.16964087769
4.0,1.0,1740,11075,1.5,3,1740,0,1965,0,98133,348.0,60,368983.31687204156
5.0,3.5,5960,13703,2.0,3,4770,1190,1984,2,98008,993.3333333333334,41,1379430.7589756656
3.0,1.0,970,7742,1.0,4,970,0,1967,0,98003,242.5,58,95323.51315281185
3.0,1.75,1530,8000,2.0,3,1530,0,1978,0,98052,382.5,47,470142.1831960911
3.0,1.0,970,7275,1.0,4,970,0,1970,0,98031,242.5,55,112093.67087276164
4.0,1.75,1120,8250,1.0,4,1120,0,1966,0,98058,224.0,59,174294.31773570523
3.0,3.5,3870,3819,2.0,3,2760,1110,2002,0,98102,967.5,23,1024519.0220740227
3.0,3.0,3450,16200,2.0,3,3450,0,1983,0,98074,862.5,42,835037.5203331497
4.0,2.0,2600,4800,1.0,3,1400,1200,1953,2,98119,520.0,72,920230.8813675508
3.0,1.75,1250,6041,1.5,5,1250,0,1942,0,98115,312.5,83,541735.3082037558
3.0,2.5,3180,7904,1.0,3,1810,1370,2006,0,98056,795.0,19,550653.5056958623
4.0,2.0,2290,11137,1.0,4,2290,0,1955,0,98004,458.0,70,1103176.6405498069
3.0,2.5,2030,2805,2.0,3,1720,310,2001,0,98027,507.5,24,454630.9981598145
4.0,3.5,3010,3600,2.0,3,2370,640,1999,0,98112,602.0,26,1117142.4893856645
3.0,1.75,2150,4333,1.0,3,1200,950,1956,0,98136,537.5,69,536219.6763262694
3.0,2.25,1990,7340,2.0,3,1990,0,1984,0,98072,497.5,41,477779.7640497115
5.0,2.75,2670,3800,2.0,3,2670,0,2014,0,98059,445.0,11,505330.9405995259
4.0,2.5,2170,9600,1.0,3,1460,710,1980,0,98052,434.0,45,570653.6012882013
1.0,1.0,620,8261,1.0,3,620,0,1939,0,98106,310.0,86,182641.92452287342
4.0,2.5,3030,29163,2.0,3,3030,0,1998,0,98053,606.0,27,744269.0817004073
3.0,2.0,2540,237402,1.0,3,2540,0,2007,0,98022,635.0,18,431206.10132091696
3.0,2.5,1680,2096,2.0,3,1380,300,2008,0,98117,420.0,17,524457.178275957
4.0,2.75,3110,35235,2.0,4,3110,0,1983,0,98072,622.0,42,730070.3988242233
4.0,1.75,1450,8891,1.5,3,1180,270,1962,0,98168,290.0,63,211126.0570037003
3.0,1.5,1350,7620,1.0,5,1350,0,1941,0,98166,337.5,84,348221.64357822307
4.0,2.75,2100,4480,1.5,4,1780,320,1928,0,98105,420.0,97,880934.7311189813
4.0,2.25,3290,12329,1.5,4,3290,0,1968,0,98040,658.0,57,1083709.6962866657
4.0,2.0,1530,6375,2.0,3,1530,0,1942,0,98058,306.0,83,221300.72755228722
3.0,2.75,2760,8476,1.0,4,1690,1070,1967,0,98040,690.0,58,920576.6223027604
3.0,2.5,1690,1618,2.0,3,1150,540,2014,0,98029,422.5,11,432897.2748131382
4.0,2.0,1450,8400,1.5,4,1450,0,1962,0,98034,290.0,63,406561.88429972006
3.0,2.5,1601,2491,3.0,3,1536,65,2007,0,98125,400.25,18,357663.18210640305
4.0,2.5,2100,4237,2.0,3,2100,0,2006,0,98031,420.0,19,316454.86141259305
3.0,1.0,1310,9612,1.0,3,960,350,1962,0,98001,327.5,63,116032.23023422429
3.0,1.5,1020,9072,1.0,3,920,100,1930,0,98115,255.0,95,451633.3134982432
5.0,3.25,3370,17458,1.0,5,2000,1370,1982,2,98040,561.6666666666666,43,1122835.4608355076
4.0,2.5,2180,7203,2.0,4,2180,0,1989,0,98059,436.0,36,439541.50898125954
5.0,2.25,4200,5800,2.5,4,2910,1290,1906,0,98112,700.0,119,1276344.212786708
3.0,2.5,1232,1130,3.0,3,1232,0,2007,0,98125,308.0,18,286341.44027625024
3.0,2.0,1400,7384,1.0,3,1150,250,1979,0,98058,350.0,46,208454.36911274173
4.0,2.5,1970,6600,2.0,3,1970,0,1987,0,98030,394.0,38,306694.26641772105
3.0,2.0,1410,7466,1.0,3,1410,0,1983,0,98058,352.5,42,233078.98468353687
4.0,1.75,1700,5846,1.0,3,1700,0,1957,0,98199,340.0,68,657746.883232218
4.0,3.25,2330,9687,2.0,3,2330,0,1918,3,98112,466.0,107,1205097.1633234862
3.0,1.75,1560,5223,1.0,4,810,750,1940,0,98125,390.0,85,357217.69400797226
3.0,2.5,2538,4600,2.0,3,2538,0,2013,0,98092,634.5,12,398772.75303261983
4.0,2.25,2870,5453,2.0,4,2220,650,1926,1,98146,574.0,99,609070.3895484335
4.0,2.5,2400,7351,2.0,3,2400,0,1990,0,98029,480.0,35,619621.6679082206
4.0,1.75,2180,13529,1.0,3,1090,1090,1956,0,98155,436.0,69,377602.8036111272
2.0,2.0,1240,2500,2.0,3,1240,0,1985,0,98117,413.3333333333333,40,468011.8156691864
3.0,2.25,1780,7280,1.0,3,1340,440,1972,2,98034,445.0,53,555661.5911387426
5.0,2.5,2070,12000,1.0,4,1340,730,1967,0,98008,345.0,58,535868.2139778753
3.0,1.5,2060,44866,1.0,3,2060,0,1953,0,98077,515.0,72,518343.58826286404
3.0,1.0,1010,7245,1.0,3,1010,0,1969,0,98003,252.5,56,82011.27886666986
3.0,1.75,1980,3300,1.5,4,1140,840,1926,0,98115,495.0,99,598302.0581865206
4.0,3.0,3520,4895,1.0,3,1980,1540,1954,0,98107,704.0,71,859088.5602273601
2.0,1.0,1740,3622,1.0,4,950,790,1924,0,98118,580.0,101,401174.789728589
2.0,1.0,1320,8380,1.0,3,1320,0,1953,0,98177,440.0,72,460263.9513712644
2.0,2.5,1160,1458,2.0,3,1040,120,2012,0,98119,386.6666666666667,13,620449.2861226475
4.0,3.25,3300,15907,2.0,5,3300,0,1985,0,98040,660.0,40,1117454.5467751925
4.0,2.75,3270,12880,2.0,3,3270,0,2014,0,98033,654.0,11,921191.9784010709
4.0,2.5,2070,7800,2.0,3,2070,0,1989,0,98003,414.0,36,296419.3375378241
3.0,2.5,3490,8343,2.0,4,2150,1340,1939,8,98125,872.5,86,1125337.993791365
3.0,1.5,1430,8000,1.0,4,1430,0,1956,0,98007,357.5,69,548136.4043956726
2.0,1.0,860,2599,1.0,4,860,0,1901,0,98107,286.6666666666667,124,456367.6869601542
4.0,1.75,1880,7632,1.0,4,1180,700,1978,0,98023,376.0,47,193203.12135172193
4.0,3.5,4560,16643,1.0,3,2230,2330,1995,3,98006,912.0,30,1141245.2156676478
4.0,2.5,3070,34412,1.0,4,2070,1000,1950,3,98039,614.0,75,1160931.5341707119
6.0,3.0,1880,7200,1.0,4,1880,0,1966,0,98056,268.57142857142856,59,401701.38091874827
3.0,3.5,2080,5100,2.0,3,2080,0,2004,0,98038,520.0,21,371691.3772808806
3.0,1.0,1160,10384,1.0,4,1160,0,1969,0,98038,290.0,56,165568.37782524386
3.0,2.5,2670,10496,2.0,3,2670,0,1989,0,98074,667.5,36,655932.270335441
3.0,2.25,2430,5500,2.0,3,1810,620,1989,0,98033,607.5,36,697048.7090336784
3.0,1.5,2200,5000,1.5,3,2200,0,1932,0,98199,550.0,93,762724.6537185275
4.0,2.5,1890,12236,1.0,3,1230,660,1978,0,98045,378.0,47,308073.95354424964
3.0,2.5,2370,7875,2.0,3,2370,0,2003,0,98065,592.5,22,480033.81648954167
4.0,1.5,1800,3245,1.5,4,1800,0,1929,0,98103,360.0,96,620057.9083667763
4.0,1.75,2290,10290,1.0,3,1340,950,1960,0,98146,458.0,65,393733.2742434101
3.0,2.25,1450,4050,2.0,3,1450,0,2010,0,98038,362.5,15,202838.7276167171
4.0,2.5,2980,16263,2.0,3,2980,0,1989,0,98006,596.0,36,814094.5300793622
3.0,1.0,970,9583,1.0,4,970,0,1967,0,98023,242.5,58,65737.1111184819
2.0,1.0,1150,4000,1.0,3,1150,0,1947,0,98199,383.3333333333333,78,556736.3642608053
4.0,3.5,5270,53428,2.0,3,3440,1830,2004,0,98058,1054.0,21,859342.4735157902
5.0,3.5,3490,9680,2.0,3,2460,1030,1980,4,98177,581.6666666666666,45,1013983.6382839801
3.0,1.75,1730,7416,1.5,3,1730,0,1954,0,98133,432.5,71,407066.3030825183
4.0,3.5,3510,9364,2.0,3,3510,0,2001,0,98065,702.0,24,728459.3516310399
3.0,1.75,1770,33224,1.0,4,1770,0,1968,0,98092,442.5,57,276793.2378652992
4.0,2.5,2490,8290,2.0,3,2490,0,1999,0,98092,498.0,26,373856.01141516794
2.0,2.5,3180,9400,2.0,5,2610,570,1985,4,98006,1060.0,40,1099889.8198422096
2.0,2.0,1090,934,3.0,3,1090,0,2008,0,98109,363.3333333333333,17,667309.37671246
4.0,2.5,1750,4779,2.0,3,1750,0,2009,0,98028,350.0,16,371430.5160467748
3.0,1.75,2040,7281,1.0,3,1020,1020,1962,0,98188,510.0,63,214636.8667667737
5.0,1.75,1940,6654,1.5,4,1940,0,1953,0,98166,323.3333333333333,72,407723.3060699863
2.0,1.0,1350,10096,1.0,4,1350,0,1952,2,98045,450.0,73,381466.11069195083
4.0,2.5,3310,5404,2.0,3,3310,0,2004,0,98052,662.0,21,840054.5189394043
4.0,3.25,3450,11240,2.0,4,2430,1020,1960,3,98166,690.0,65,829121.3838960298
4.0,2.75,3150,7035,2.0,3,3150,0,2004,0,98075,630.0,21,764276.5160662
4.0,1.75,1290,3060,2.0,4,1290,0,1906,0,98103,258.0,119,511256.1732948952
3.0,1.75,2640,8000,1.0,4,1320,1320,1960,3,98040,660.0,65,1004902.3530568087
2.0,2.5,2770,7781,2.0,3,2770,0,2006,0,98053,923.3333333333334,19,727477.6241731014
4.0,2.5,2770,10274,2.0,3,2770,0,1989,0,98029,554.0,36,696890.8250033876
4.0,1.75,1700,7800,1.0,5,1120,580,1981,0,98059,340.0,44,316205.79610467923
4.0,1.75,1880,3720,1.5,4,1880,0,1924,0,98109,376.0,101,874595.9090275913
4.0,1.75,1920,7700,2.0,4,1920,0,1970,0,98056,384.0,55,375888.99475574365
4.0,2.25,2160,8119,1.0,3,1080,1080,1966,0,98006,432.0,59,569144.3696374656
3.0,1.5,1180,9048,1.0,3,1180,0,1960,0,98148,295.0,65,200867.0292466752
2.0,2.5,1240,1546,2.0,3,1240,0,2007,0,98108,413.3333333333333,18,294187.2101728876
2.0,1.0,1190,6200,1.0,3,1190,0,1948,0,98133,396.6666666666667,77,305372.8919758012
3.0,1.0,970,8580,1.0,3,970,0,1959,0,98003,242.5,66,75732.86252681946
2.0,1.5,830,1333,2.0,3,830,0,2005,0,98136,276.6666666666667,20,317897.95778556063
4.0,2.5,3160,11380,2.0,3,3160,0,1983,0,98074,632.0,42,741045.5237535969
2.0,1.0,860,6600,1.0,5,860,0,1949,0,98168,286.6666666666667,76,183517.30082077696
3.0,1.75,2310,78844,1.0,3,1760,550,1977,0,98027,577.5,48,505336.20003969147
3.0,1.5,1430,8960,1.0,4,1430,0,1953,0,98166,357.5,72,341256.11064020125
4.0,2.5,3560,12047,2.0,3,3560,0,1988,0,98023,712.0,37,577166.8902083263
3.0,2.0,1110,7231,1.0,4,1110,0,1991,0,98031,277.5,34,165474.83670347685
3.0,1.5,1760,6723,1.0,3,1160,600,1958,0,98118,440.0,67,390560.17467898695
3.0,2.5,2890,21780,2.0,3,2890,0,2000,0,98188,722.5,25,472765.25439675007
4.0,2.75,2190,14937,2.0,3,2190,0,1993,0,98001,438.0,32,330129.4631278779
2.0,1.0,920,8341,1.0,3,920,0,1939,0,98146,306.6666666666667,86,212166.9431244196
3.0,2.0,1480,6600,1.0,3,740,740,1943,2,98146,370.0,82,378142.57670181047
2.0,1.0,830,26329,1.0,4,830,0,1928,7,98070,276.6666666666667,97,525135.2100164011
3.0,1.75,1670,5400,2.0,5,1670,0,1912,0,98112,417.5,113,925625.6249747887
4.0,2.5,2590,7910,2.0,3,2590,0,2001,0,98115,518.0,24,756662.1173262278
3.0,1.0,870,5330,1.0,3,870,0,1969,0,98042,217.5,56,54884.07249427738
4.0,2.25,2110,10698,2.0,4,2110,0,1979,0,98027,422.0,46,502034.555611805
3.0,1.75,2920,9370,1.0,4,1620,1300,1981,0,98006,730.0,44,729244.0013372194
2.0,2.5,2160,5581,1.0,3,2160,0,2002,0,98053,720.0,23,627875.6048949527
2.0,1.5,1090,2686,2.0,3,1090,0,1982,0,98034,363.3333333333333,43,309800.612037999
4.0,3.0,2440,9664,2.0,3,1890,550,1981,0,98028,488.0,44,483759.7459430045
3.0,2.75,1960,2500,1.5,5,1410,550,1926,0,98103,490.0,99,676358.9812745306
3.0,2.5,2120,9736,2.0,3,2120,0,1988,0,98011,530.0,37,448086.51384897006
3.0,2.5,2130,3500,1.0,4,1210,920,1994,0,98072,532.5,31,476477.30415496166
4.0,2.0,1730,5500,1.0,5,1010,720,1943,0,98106,346.0,82,368731.3847207099
3.0,2.5,1680,15711,1.0,3,1240,440,1994,0,98031,420.0,31,236357.09040855872
3.0,1.5,1830,8000,1.0,4,1830,0,1957,0,98008,457.5,68,560653.1476211962
3.0,2.5,2060,4030,2.0,3,2060,0,1999,0,98032,515.0,26,266296.3212499343
4.0,2.5,2740,12899,2.0,4,2740,0,1990,0,98075,548.0,35,696164.5813398267
3.0,1.0,1670,4005,1.5,4,1170,500,1939,0,98117,417.5,86,511287.4586859379
4.0,3.25,3730,4560,2.0,3,2760,970,2013,0,98103,746.0,12,927504.8717717933
2.0,1.5,1070,1200,2.0,3,1070,0,1999,0,98103,356.6666666666667,26,450095.4081175215
3.0,1.75,1840,11440,1.0,4,1340,500,1977,0,98059,460.0,48,349282.79015169287
4.0,1.75,1280,6060,1.0,3,860,420,1926,0,98117,256.0,99,438355.3380822728
3.0,2.5,2540,4775,2.0,3,2540,0,2006,0,98042,635.0,19,410816.17593758996
3.0,1.75,1270,8100,1.0,3,880,390,1950,0,98146,317.5,75,251763.06210149731
4.0,1.75,2310,8045,1.0,4,1650,660,1976,0,98058,462.0,49,358188.70239681815
3.0,1.75,1680,3420,1.0,3,960,720,1992,0,98115,420.0,33,526168.25545703
4.0,2.75,3120,7644,2.0,3,3120,0,2010,0,98065,624.0,15,624093.5577266832
3.0,2.5,2660,13367,2.0,3,2660,0,1992,2,98004,665.0,33,1261000.0145924203
3.0,1.75,1830,5120,1.5,5,1830,0,1903,2,98122,457.5,122,778319.1339004876
4.0,2.5,2960,41656,2.0,3,2960,0,1985,0,98072,592.0,40,670206.0650769592
3.0,2.25,1710,11500,1.0,3,1210,500,1978,0,98028,427.5,47,361602.3907053034
4.0,1.0,1940,9533,1.0,3,1080,860,1962,0,98031,388.0,63,198569.0138783527
2.0,2.25,1260,1240,3.0,3,1260,0,2004,0,98103,420.0,21,481590.27661506407
2.0,1.0,880,6345,1.0,3,880,0,1919,0,98106,293.3333333333333,106,224763.85931885306
2.0,1.75,1240,3000,1.5,3,1240,0,1906,0,98105,413.3333333333333,119,719816.4444598744
3.0,2.25,1550,5511,2.0,3,1550,0,1987,0,98033,387.5,38,570889.444560376
3.0,2.5,3870,46609,2.0,3,3870,0,1997,3,98008,967.5,28,1118703.4546572324
2.0,1.0,1730,9610,1.0,3,1380,350,1962,0,98001,576.6666666666666,63,222547.21528390388
3.0,1.0,1770,5720,1.5,4,1140,630,1926,0,98126,442.5,99,415796.04472638294
3.0,2.5,2640,6715,2.0,3,1680,960,1991,0,98058,660.0,34,384694.8625686709
4.0,2.75,2800,19168,2.0,3,2800,0,1992,0,98075,560.0,33,694196.7011973239
4.0,2.25,2500,8500,1.0,4,1600,900,1978,0,98006,500.0,47,675502.4484385871
4.0,2.5,2040,8265,2.0,3,2040,0,1996,0,98146,408.0,29,415142.46331760264
3.0,1.75,1620,4200,1.0,5,830,790,1945,0,98115,405.0,80,559382.3453781655
3.0,2.5,2090,7640,1.0,3,1360,730,1962,0,98133,522.5,63,448524.3884359341
3.0,1.75,1800,10200,1.0,3,1800,0,1967,0,98058,450.0,58,311134.2351471151
2.0,1.25,1240,2150,2.0,3,1240,0,2014,0,98117,413.3333333333333,11,440677.18171591125
3.0,1.0,1230,8750,1.0,3,1230,0,1965,0,98003,307.5,60,129001.19816626044
3.0,2.25,2200,16921,2.0,3,2200,0,1987,0,98038,550.0,38,365145.2912839142
3.0,2.0,1760,6875,1.0,4,1760,0,1967,0,98072,440.0,58,476348.34618854243
3.0,1.0,1650,6400,1.0,4,980,670,1954,0,98106,412.5,71,321352.42747126345
4.0,3.75,3520,3944,1.5,5,2200,1320,1913,0,98109,704.0,112,1172911.8454895378
4.0,2.5,2910,5000,2.0,3,2910,0,2002,0,98042,582.0,23,470729.6391483623
3.0,2.0,1470,10052,1.0,4,1470,0,1956,0,98125,367.5,69,412297.9389750521
2.0,1.75,1950,10766,1.0,4,1160,790,1952,3,98166,650.0,73,562637.6186249503
4.0,2.25,1940,9144,1.0,4,1430,510,1956,0,98007,388.0,69,611749.7763851101
4.0,2.5,3080,35430,2.0,3,3080,0,1997,0,98053,616.0,28,755017.1044386709
4.0,2.5,2990,8913,2.0,4,2990,0,1991,0,98058,598.0,34,550467.828351398
3.0,2.5,2280,2502,2.0,3,1880,400,2006,0,98027,570.0,19,497591.59291859146
3.0,1.0,1800,7650,1.0,5,1800,0,1957,0,98056,450.0,68,399454.4276095295
5.0,1.75,2220,6000,1.5,3,1420,800,1923,0,98199,370.0,102,667473.1254243252
3.0,2.5,2090,6045,2.0,3,2090,0,2000,0,98056,522.5,25,422237.534625559
3.0,1.75,1650,5100,1.0,5,1040,610,1908,0,98115,412.5,117,590202.9285889738
2.0,2.5,1590,2656,2.0,3,1220,370,2009,0,98106,530.0,16,335606.99358828145
4.0,2.75,3190,10970,2.0,3,3190,0,1994,0,98075,638.0,31,774764.7168475236
3.0,1.0,1740,10875,1.0,4,1020,720,1962,0,98188,435.0,63,179820.18811335624
3.0,2.25,1640,7350,1.0,3,1140,500,1984,0,98003,410.0,41,199761.02199546254
4.0,2.5,4270,43386,1.0,3,2680,1590,1991,0,98053,854.0,34,884615.4367703651
3.0,2.75,2090,9620,1.0,3,1340,750,1987,0,98023,522.5,38,254748.26299479324
3.0,1.75,1300,7958,1.0,3,1300,0,1996,0,98092,325.0,29,150613.53477876837
4.0,2.5,2160,6223,2.0,3,2160,0,2010,0,98038,432.0,15,341516.02708291786
3.0,2.5,1870,7344,1.0,3,1470,400,1980,0,98034,467.5,45,477176.13379455253
3.0,1.0,1060,5200,1.0,5,1060,0,1970,0,98042,265.0,55,137053.58160543698
4.0,2.5,2570,4865,2.0,3,2570,0,2005,0,98038,514.0,20,427848.9055436292
5.0,1.5,2680,28014,1.0,4,1450,1230,1963,0,98004,446.6666666666667,62,1037170.8025674042
4.0,2.5,2600,17388,2.0,3,2600,0,1996,0,98059,520.0,29,504436.5228532807
4.0,2.5,3420,30410,2.0,3,3420,0,1988,0,98077,684.0,37,775905.4474454811
3.0,1.75,1850,7735,1.0,4,1850,0,1983,0,98027,462.5,42,478772.6736353852
4.0,2.5,2360,4367,2.0,3,2360,0,2003,0,98072,472.0,22,540798.3946798502
3.0,2.5,2180,15693,1.0,4,1850,330,1979,0,98075,545.0,46,597594.5964959648
3.0,2.0,1730,38884,1.0,3,1730,0,1997,0,98038,432.5,28,286991.2414651671
4.0,2.5,2290,4539,2.0,3,2290,0,2001,0,98058,458.0,24,381349.6920525539
3.0,3.25,1450,1387,2.0,3,1180,270,2013,0,98106,362.5,12,317942.4131166627
5.0,2.75,2080,13189,2.0,3,2080,0,1987,0,98074,346.6666666666667,38,506476.7155792665
3.0,1.0,1320,5000,1.5,3,1320,0,1912,0,98116,330.0,113,486751.0259514108
3.0,2.0,1170,5360,1.0,3,1170,0,1919,0,98106,292.5,106,297692.84929851437
2.0,1.0,1250,8100,1.0,4,1250,0,1947,0,98125,416.6666666666667,78,356814.9874739733
3.0,1.75,3600,8666,2.0,4,2400,1200,1948,0,98033,900.0,77,903831.192201978
4.0,2.25,2330,8994,2.0,3,2330,0,1986,0,98052,466.0,39,632834.2014805655
4.0,2.0,1590,6750,1.0,3,1590,0,1951,0,98102,318.0,74,630924.0659692632
3.0,1.0,1640,18144,1.5,3,1640,0,1942,0,98168,410.0,83,275471.4327495445
3.0,2.5,3180,12600,2.0,4,3180,0,1978,0,98074,795.0,47,786464.9654866344
4.0,2.5,2180,3375,1.5,4,1420,760,1926,0,98117,436.0,99,621846.5525100278
3.0,2.75,2500,5568,2.0,5,2500,0,1905,0,98112,625.0,120,1129500.7554630535
5.0,2.0,3370,5000,1.5,4,2140,1230,1907,0,98109,561.6666666666666,118,1062946.3234536014
6.0,2.75,2980,5000,1.5,3,2480,500,1916,0,98103,425.7142857142857,109,802635.4534141046
4.0,3.5,3480,7232,2.0,3,2580,900,1926,0,98144,696.0,99,861304.2077410148
3.0,2.5,1590,3411,2.0,3,1590,0,2000,0,98065,397.5,25,317024.66498736927
3.0,1.75,1630,1526,3.0,3,1630,0,2014,0,98103,407.5,11,525658.870438296
4.0,3.0,4260,18687,2.0,3,4260,0,1996,0,98075,852.0,29,1004284.7206779555
3.0,2.25,2880,9750,2.0,3,2880,0,1989,0,98006,720.0,36,804496.4993737852
5.0,2.5,2340,4500,2.0,3,2340,0,2009,0,98059,390.0,16,430955.5420422887
3.0,1.5,1270,5112,1.0,3,1270,0,1950,0,98115,317.5,75,509148.20993657305
3.0,2.0,2110,5150,1.0,5,1080,1030,1919,0,98118,527.5,106,488584.3335924879
3.0,1.75,1640,13500,1.0,3,1110,530,1940,0,98125,410.0,85,373451.7252457109
3.0,2.5,1610,7223,2.0,3,1610,0,1994,0,98030,402.5,31,246806.2956981368
5.0,2.25,3120,16672,2.0,4,3120,0,1969,0,98004,520.0,56,1233912.4645609595
4.0,2.75,3770,10900,2.0,5,3070,700,1924,2,98144,754.0,101,1068612.0471246457
4.0,2.5,2052,3723,2.0,3,2052,0,2014,0,98003,410.4,11,287387.3318793997
4.0,3.5,4910,9444,1.5,3,3110,1800,2007,0,98074,982.0,18,974959.6451488549
4.0,2.5,2000,5962,2.0,3,2000,0,1999,0,98133,400.0,26,443957.8726789662
3.0,1.0,1150,6000,1.5,3,1150,0,1927,0,98045,287.5,98,184826.61603249598
3.0,1.0,1320,8450,1.0,3,880,440,1961,0,98023,330.0,64,77960.06682221702
4.0,3.5,3910,59863,2.0,4,2490,1420,1987,0,98027,782.0,38,778837.5215355608
4.0,2.5,2790,230868,2.0,3,2790,0,1989,0,98077,558.0,36,648907.64891844
4.0,2.5,3030,12590,1.5,4,3030,0,1988,0,98004,606.0,37,1249994.1847816892
4.0,2.0,2340,50233,1.0,4,1170,1170,1966,0,98075,468.0,59,524296.9913739137
3.0,3.0,3740,39640,2.0,3,3740,0,1991,2,98070,935.0,34,846425.8177009346
4.0,2.5,2810,10613,2.0,3,2810,0,1989,0,98006,562.0,36,778595.3039926371
2.0,1.5,1130,746,2.0,3,1030,100,2009,0,98107,376.6666666666667,16,445671.04256088217
2.0,1.0,1240,6400,1.0,4,1060,180,1938,1,98126,413.3333333333333,87,429233.1235100253
4.0,1.75,1720,6975,1.0,3,1420,300,1975,0,98052,344.0,50,495000.2656955515
2.0,1.0,1680,6500,1.0,4,1140,540,1941,0,98136,560.0,84,497452.95098300074
3.0,1.75,1726,197326,2.0,4,1726,0,1982,0,98070,431.5,43,308679.1887715622
3.0,1.0,940,10368,1.0,3,940,0,1965,0,98052,235.0,60,356991.30254197284
4.0,1.0,1860,4736,1.5,1,1860,0,1901,0,98112,372.0,124,859034.1063186856
3.0,1.0,960,8855,1.0,4,960,0,1958,0,98155,240.0,67,240473.93517767044
4.0,2.5,2040,6034,2.0,3,2040,0,1990,0,98115,408.0,35,644452.0883787957
2.0,1.0,1890,5202,1.5,4,1890,0,1909,0,98117,630.0,116,629265.4741482983
2.0,1.5,1800,26615,1.0,5,1240,560,1987,0,98092,600.0,38,259480.032410061
5.0,1.5,1730,9230,1.0,3,1010,720,1962,0,98058,288.3333333333333,63,190688.77055151807
2.0,1.5,1930,3521,2.0,3,1930,0,1989,0,98007,643.3333333333334,36,614620.778809816
3.0,2.25,1860,11227,2.0,3,1860,0,1995,0,98038,465.0,30,292073.93691866717
3.0,1.0,1320,9000,1.0,3,1320,0,1966,0,98001,330.0,59,149985.09135624935
4.0,3.5,4040,50479,2.0,3,4040,0,1987,0,98077,808.0,38,933965.5692987011
3.0,1.75,1180,16552,1.0,4,1180,0,1967,0,98072,295.0,58,347853.3420594294
4.0,2.5,2807,9430,2.0,3,2807,0,1996,0,98028,561.4,29,594199.2016136084
2.0,1.0,1110,26051,1.0,3,1110,0,1951,0,98168,370.0,74,194041.1174848241
3.0,1.75,1990,5560,1.0,4,1100,890,1939,0,98105,497.5,86,805737.5326180141
4.0,2.5,2700,5100,1.0,4,1440,1260,1968,0,98136,540.0,57,644489.8194110168
3.0,2.25,1580,39189,1.0,3,1180,400,1992,0,98053,395.0,33,445028.28354857565
4.0,1.5,1770,5750,2.0,3,1770,0,1947,0,98116,354.0,78,556768.2726973868
4.0,2.0,1700,6025,1.0,3,1700,0,1978,0,98002,340.0,47,234722.68936725782
2.0,1.0,930,7740,1.0,3,930,0,1924,0,98125,310.0,101,272393.9906766538
3.0,1.75,1850,6869,1.0,5,1100,750,1919,2,98166,462.5,106,501165.73018136935
3.0,2.5,1560,4200,2.0,3,1560,0,2003,0,98038,390.0,22,234459.38673516084
4.0,3.0,4500,21780,2.0,3,3040,1460,1980,2,98040,900.0,45,1288820.2760253102
3.0,1.75,1040,9000,1.0,4,1040,0,1967,0,98027,260.0,58,312300.1287318915
4.0,2.5,2380,12067,2.0,3,2380,0,2002,0,98059,476.0,23,457291.5939154681
4.0,2.75,2160,5005,1.0,3,1430,730,1987,0,98115,432.0,38,638012.8305183861
4.0,2.5,2210,6080,1.0,4,1410,800,1965,2,98178,442.0,60,458663.19037308247
5.0,2.5,3600,17300,1.0,4,2410,1190,1968,0,98166,600.0,57,673219.3829891981
2.0,3.0,3160,66646,2.0,3,3160,0,1993,0,98077,1053.3333333333333,32,776797.6491531072
4.0,2.25,3250,16684,2.0,3,3250,0,1979,0,98039,650.0,46,1068152.2820049324
3.0,1.75,1760,10780,1.0,3,1760,0,1977,0,98005,440.0,48,620337.9044793899
3.0,2.0,1350,11150,1.0,3,1110,240,1995,0,98045,337.5,30,233249.22691884323
3.0,1.0,960,7314,1.0,5,960,0,1960,0,98002,240.0,65,114103.02536074474
4.0,1.0,1290,5000,1.5,3,1290,0,1957,0,98146,258.0,68,239056.50755324418
4.0,2.5,2140,7245,2.0,3,2140,0,2003,0,98133,428.0,22,472288.24324976135
2.0,1.0,1230,3800,1.0,3,1230,0,1928,0,98115,410.0,97,508267.48437929514
3.0,2.5,1660,6263,2.0,3,1660,0,2003,0,98042,415.0,22,226968.89184304257
3.0,2.5,1720,3012,2.0,3,1720,0,2011,0,98133,430.0,14,399773.09445654764
4.0,2.25,2280,6660,1.5,3,1960,320,1940,2,98119,456.0,85,931153.5192155084
4.0,2.5,3760,29224,2.0,3,3760,0,1987,0,98052,752.0,38,937748.7753957023
3.0,2.5,2400,9701,1.0,3,2400,0,1990,0,98023,600.0,35,382096.5168505093
4.0,1.0,1720,4011,1.5,4,1720,0,1904,0,98107,344.0,121,588698.7757078307
3.0,2.25,1250,7500,1.0,5,1250,0,1942,0,98146,312.5,83,342401.1274965609
3.0,1.75,1880,10032,1.0,4,1880,0,1984,0,98006,470.0,41,632046.7160055361
3.0,1.0,1150,5100,2.0,3,1150,0,1911,0,98136,287.5,114,374300.9755047029
4.0,2.75,3280,24440,2.0,3,3280,0,1996,0,98077,656.0,29,752077.9524131579
3.0,1.0,1250,6180,1.5,3,1250,0,1955,0,98155,312.5,70,266023.6847584465
3.0,3.25,1630,1677,3.0,3,1630,0,2007,0,98133,407.5,18,373910.5138649501
3.0,1.5,1270,20700,1.0,2,1150,120,1948,0,98155,317.5,77,268245.52096863865
2.0,1.0,1620,9205,1.0,5,850,770,1921,0,98034,540.0,104,420620.1676880292
4.0,2.5,2530,5048,2.0,3,2530,0,2014,0,98038,506.0,11,417657.28972779715
2.0,1.0,590,10945,1.5,3,590,0,1983,0,98010,196.66666666666666,42,77320.81687049259
3.0,1.0,1030,4958,1.0,5,1030,0,1952,0,98105,257.5,73,684874.82327521
2.0,1.75,1740,5400,1.0,4,990,750,1946,0,98115,580.0,79,585307.5689116229
3.0,3.25,1540,704,3.0,3,1540,0,2011,0,98122,385.0,14,544845.8958860645
3.0,2.25,1480,5400,2.0,4,1480,0,1914,0,98122,370.0,111,574506.0462047287
3.0,1.0,1290,5500,1.0,3,980,310,1951,0,98136,322.5,74,395474.00836541166
2.0,1.5,1630,3780,1.0,4,890,740,1940,0,98107,543.3333333333334,85,556783.1794161489
4.0,2.5,3350,46748,2.0,3,3350,0,2004,0,98010,670.0,21,645762.6309846628
3.0,1.0,1660,11783,1.0,4,1160,500,1978,0,98077,415.0,47,388926.21899249486
3.0,2.0,2130,35169,1.0,4,2130,0,1989,0,98072,532.5,36,549958.0493804037
2.0,1.75,1060,1241,2.0,3,960,100,2008,0,98144,353.3333333333333,17,397896.1938250853
3.0,2.5,1960,3480,2.0,3,1960,0,2004,0,98056,490.0,21,394094.4337207494
3.0,2.5,1430,1002,3.0,3,1430,0,2002,0,98103,357.5,23,507507.26656309096
2.0,1.0,740,9003,1.0,3,740,0,1949,0,98031,246.66666666666666,76,62887.079918613366
5.0,3.0,2790,19439,1.0,5,1500,1290,1973,3,98058,465.0,52,599785.2331359407
2.0,1.0,910,9612,1.0,4,910,0,1981,0,98058,303.3333333333333,44,137911.83125053084
4.0,1.75,2130,5080,1.5,3,2130,0,1914,0,98119,426.0,111,814481.2331479676
4.0,2.75,2450,15002,1.0,5,2450,0,1974,0,98166,490.0,51,589861.4837105755
3.0,2.0,1790,42399,1.0,4,1790,0,1990,0,98092,447.5,35,283708.4293275522
5.0,1.75,1890,5000,1.5,3,1090,800,1906,0,98107,315.0,119,533035.392281029
3.0,2.5,2170,5000,2.0,3,2170,0,2003,0,98029,542.5,22,586348.6343575655
3.0,1.0,1220,4800,1.0,3,1220,0,1901,0,98122,305.0,124,495009.782777644
3.0,2.5,1670,3565,2.0,3,1670,0,1999,0,98072,417.5,26,414586.42323917244
2.0,1.0,1320,8830,1.0,3,1020,300,1939,0,98199,440.0,86,566558.6676893311
4.0,3.5,3200,3250,2.0,3,2670,530,2007,0,98029,640.0,18,761358.3891825576
4.0,1.75,2020,7029,1.0,4,1430,590,1979,0,98052,404.0,46,550777.6725711616
3.0,2.25,1820,8008,1.0,3,1240,580,1981,0,98052,455.0,44,519421.15671784146
4.0,2.5,2150,12028,2.0,4,2150,0,1982,0,98052,430.0,43,624643.7899478532
2.0,2.5,2410,102366,1.0,4,1940,470,1912,0,98024,803.3333333333334,113,670105.7163900343
4.0,1.75,2400,7700,1.5,4,1500,900,1927,0,98133,480.0,98,472640.99090959906
5.0,2.5,3840,16905,2.0,3,3840,0,1991,0,98023,640.0,34,616964.0467173416
3.0,1.5,1470,7200,2.0,4,1470,0,1907,0,98118,367.5,118,388611.31956543645
3.0,1.0,1330,15678,1.0,3,900,430,1984,0,98074,332.5,41,322458.8267426615
5.0,4.0,3760,28040,2.0,3,3760,0,1983,0,98033,626.6666666666666,42,1047560.5643730873
3.0,1.5,1270,1413,3.0,3,1270,0,2007,0,98115,317.5,18,439030.42820524774
4.0,3.0,2440,9600,2.0,5,2440,0,1961,0,98034,488.0,64,647939.8090894138
4.0,2.5,2090,5195,2.0,3,2090,0,2007,0,98031,418.0,18,314186.5146171786
2.0,1.0,2020,7200,1.0,4,1700,320,1947,3,98146,673.3333333333334,78,595134.0804056255
3.0,1.75,1730,11325,1.0,5,1730,0,1972,0,98031,432.5,53,313677.74704577425
4.0,3.0,2690,28300,1.0,3,2690,0,1954,0,98166,538.0,71,608805.9505504806
3.0,2.0,2010,251341,2.0,3,1510,500,2003,0,98019,502.5,22,331952.9184322758
3.0,2.0,1900,8100,1.0,4,950,950,1940,0,98115,475.0,85,590089.2432789548
3.0,2.5,2070,8337,2.0,3,2070,0,1997,0,98030,517.5,28,342651.28596927074
5.0,3.25,3850,16249,2.0,3,3030,820,2002,2,98092,641.6666666666666,23,689673.4410354042
4.0,1.75,1420,5000,1.5,4,1420,0,1945,0,98117,284.0,80,509483.330833863
4.0,1.0,2080,5500,1.0,3,1040,1040,1941,0,98117,416.0,84,522482.3280495978
2.0,2.0,1540,54450,2.0,3,1540,0,1983,0,98053,513.3333333333334,42,457985.5374513119
2.0,1.0,700,10540,1.0,3,700,0,1953,0,98166,233.33333333333334,72,168546.44762552052
4.0,1.75,1660,3800,1.5,3,1660,0,1926,0,98115,332.0,99,571881.984122853
3.0,1.5,2060,15837,1.5,3,2060,0,1903,0,98057,515.0,122,342171.4991531888
3.0,2.25,2670,7500,1.0,4,1640,1030,1966,0,98166,667.5,59,523565.36985914636
3.0,1.0,1400,7066,1.0,3,1400,0,1957,0,98125,350.0,68,347681.18886766117
3.0,1.5,1180,7300,1.0,4,1180,0,1968,0,98002,295.0,57,151490.84312168043
3.0,1.0,1640,12384,1.0,4,1090,550,1954,0,98003,410.0,71,187213.04569674062
3.0,2.25,2330,4000,1.5,5,1520,810,1927,2,98115,582.5,98,816293.4930811662
3.0,2.5,1870,5013,2.0,3,1870,0,2003,0,98011,467.5,22,392450.15503058524
3.0,2.0,1490,4800,2.0,5,1490,0,1948,0,98117,372.5,77,553531.4963354196
3.0,1.0,1270,8400,1.0,3,1270,0,1955,0,98011,317.5,70,263205.3256237363
4.0,2.5,2780,6369,1.0,3,1590,1190,1978,0,98034,556.0,47,576257.239920578
3.0,2.0,1590,35988,1.0,4,1590,0,1974,0,98058,397.5,51,294575.85074050725
4.0,2.5,2410,4780,2.0,3,2410,0,2000,0,98065,482.0,25,471258.7689248556
4.0,2.5,3430,10157,2.0,3,3430,0,2000,0,98034,686.0,25,789122.4752216002
3.0,2.5,2380,6832,2.0,3,2380,0,2002,0,98065,595.0,23,482315.92477393104
3.0,2.75,1910,7280,1.0,3,1160,750,1979,0,98034,477.5,46,460167.04173642537
2.0,1.0,780,3910,1.0,3,780,0,1918,0,98126,260.0,107,277979.00472037814
3.0,1.5,1140,8340,1.0,3,1140,0,1960,0,98168,285.0,65,195430.68187293096
3.0,2.25,2350,10450,1.0,3,1390,960,1977,0,98028,587.5,48,452993.1568889726
2.0,1.5,1010,7719,2.0,3,1010,0,1981,0,98056,336.6666666666667,44,187978.46968386503
3.0,2.5,2260,10153,2.0,3,2260,0,1987,0,98074,565.0,38,570379.0746327208
3.0,1.0,890,8400,1.0,4,890,0,1954,0,98056,222.5,71,188029.2064354645
4.0,1.5,1720,6417,1.0,3,1720,0,1953,0,98125,344.0,72,413146.06172688585
3.0,2.5,1480,1961,2.0,3,1480,0,2005,0,98029,370.0,20,441200.12187221873
3.0,2.5,1520,2208,2.0,3,1040,480,2007,0,98119,380.0,18,646372.6440465619
5.0,2.5,2450,6994,2.0,3,2450,0,2002,0,98030,408.3333333333333,23,386965.6013832947
3.0,1.75,1630,28600,1.0,3,1630,0,1967,0,98072,407.5,58,421188.7212114573
5.0,3.5,5430,10327,2.0,3,4010,1420,2007,2,98006,905.0,18,1302724.2284432808
4.0,2.75,2310,4020,3.0,5,2310,0,1979,0,98122,462.0,46,723794.9672256634
2.0,1.0,1320,8865,1.0,4,1320,0,1943,0,98168,440.0,82,261181.64813409816
3.0,2.5,1800,2700,2.0,3,1800,0,2011,0,98126,450.0,14,469983.83800641913
4.0,2.25,2600,6390,1.0,3,1390,1210,1978,0,98023,520.0,47,288286.48120112706
5.0,3.0,1880,5000,1.0,3,1100,780,1997,0,98106,313.3333333333333,28,353038.04797324084
3.0,2.5,1540,1326,3.0,3,1390,150,1995,0,98119,385.0,30,654781.7140184073
4.0,3.5,3370,3634,2.0,3,2750,620,2007,0,98029,674.0,18,788335.3847934428
3.0,2.75,2500,7378,1.0,5,1390,1110,1948,0,98177,625.0,77,679820.6006871697
3.0,1.5,1420,1192,2.0,3,1140,280,2008,0,98144,355.0,17,432741.2709871803
4.0,3.0,2890,6885,1.0,3,1590,1300,1945,0,98115,578.0,80,752544.9690433821
3.0,2.25,2760,10160,1.0,3,2760,0,1969,0,98058,690.0,56,526191.6264609152
3.0,2.25,1650,2958,2.0,3,1650,0,1985,0,98031,412.5,40,236582.18074746325
3.0,2.25,1590,7748,2.0,4,1590,0,1991,0,98003,397.5,34,226726.0833981005
3.0,3.5,1900,1612,2.0,3,1430,470,2008,0,98136,475.0,17,538380.1457140571
4.0,2.0,1670,9987,1.0,3,1670,0,1967,0,98001,334.0,58,235011.33321599558
4.0,2.0,1970,10500,1.0,3,1820,150,1961,0,98166,394.0,64,414721.935353494
3.0,2.5,2420,49928,2.0,3,1860,560,1985,0,98027,605.0,40,517382.8604522369
4.0,4.5,3850,13551,2.0,3,3000,850,1998,2,98006,770.0,27,1077118.924852258
3.0,2.0,1200,9566,1.0,3,1200,0,1995,0,98047,300.0,30,157514.24307975575
4.0,3.0,3150,7778,2.0,3,3150,0,2000,0,98075,630.0,25,772223.2456836953
3.0,3.0,2470,36445,2.0,4,2470,0,1980,0,98027,617.5,45,616407.4124596344
3.0,1.0,1000,19204,1.0,3,1000,0,1968,0,98042,250.0,57,82646.8220810123
4.0,2.25,2870,6280,1.5,4,1980,890,1905,0,98112,574.0,120,1084577.280036919
4.0,2.5,3480,59242,2.0,3,3480,0,1988,0,98072,696.0,37,778174.6648227263
2.0,1.0,1010,9219,1.0,4,1010,0,1960,0,98033,336.6666666666667,65,494821.5754238145
3.0,3.0,2600,5238,1.5,3,1890,710,1989,3,98198,650.0,36,546084.6948123097
4.0,1.0,1210,3760,1.5,3,1210,0,1900,0,98103,242.0,125,467847.8813083264
3.0,2.0,1470,20000,1.0,4,1470,0,1968,0,98092,367.5,57,220708.76226427447
2.0,2.5,2290,3507,2.0,3,2290,0,2005,0,98029,763.3333333333334,20,630972.0503397511
2.0,2.0,2280,641203,2.0,3,2280,0,1990,0,98070,760.0,35,438437.08987274417
3.0,1.75,2610,5544,1.5,3,1680,930,1934,0,98117,652.5,91,669292.2600961843
1.0,2.25,2140,10350,1.0,3,1470,670,1976,0,98072,1070.0,49,522056.1801193229
3.0,1.0,1390,6000,1.0,3,1390,0,1954,0,98056,347.5,71,271536.6892055997
5.0,2.5,2860,68519,2.0,5,2860,0,1958,0,98065,476.6666666666667,67,600621.1278277751
3.0,2.0,2020,8118,1.0,3,1020,1000,1963,0,98008,505.0,62,498737.94198553375
4.0,2.25,3500,13875,1.0,4,1830,1670,1938,4,98146,700.0,87,831448.0098800769
0.0,0.0,3064,4764,3.5,3,3064,0,1990,2,98102,3064.0,35,1038801.1789448396
2.0,1.0,1140,5500,1.0,3,1140,0,1947,0,98106,380.0,78,274111.3983228249
3.0,2.25,1640,7200,2.0,4,1640,0,1985,0,98007,410.0,40,578322.2772725899
3.0,1.75,1730,8400,1.0,4,1400,330,1980,0,98052,432.5,45,531200.0382495405
5.0,3.0,2257,10117,1.0,3,1363,894,2005,0,98188,376.1666666666667,20,264733.5130767768
3.0,1.5,2040,6000,1.0,3,1340,700,1957,0,98118,510.0,68,440114.89856534346
3.0,2.25,1270,1406,2.0,3,1060,210,2014,0,98105,317.5,11,666462.4348602982
3.0,2.25,1347,1292,3.0,3,1347,0,2010,0,98125,336.75,15,302733.3314261064
3.0,1.75,2680,8625,1.0,5,1590,1090,1974,0,98027,670.0,51,574114.6859038312
3.0,2.5,1720,4006,2.0,3,1720,0,1994,0,98029,430.0,31,493850.46381377225
3.0,3.5,3020,4082,2.0,3,2080,940,1954,0,98199,755.0,71,884473.2340066629
3.0,1.0,1690,4250,1.0,3,1020,670,1967,0,98178,422.5,58,208340.9983532963
3.0,3.75,1950,8625,1.0,3,1360,590,1959,0,98178,487.5,66,350174.43716224504
4.0,3.75,5070,60123,2.0,3,5070,0,2000,0,98053,1014.0,25,1204545.8277172851
3.0,1.0,1200,9800,1.0,4,1200,0,1971,0,98072,300.0,54,329772.51747867174
3.0,1.75,2050,3520,1.0,4,1070,980,1977,0,98136,512.5,48,529338.4904968386
3.0,2.25,1980,10115,1.0,3,1980,0,1959,0,98005,495.0,66,684390.1887796315
4.0,2.75,2340,11034,1.0,3,1720,620,1967,0,98155,468.0,58,480867.31969917373
3.0,2.0,1240,14404,1.0,3,1240,0,1988,0,98053,310.0,37,404314.91676286526
3.0,2.5,1680,2229,2.0,3,1680,0,2007,0,98155,420.0,18,373328.44817845215
3.0,1.75,1930,6360,1.0,3,1930,0,2013,0,98065,482.5,12,393466.2354167884
3.0,1.75,1180,14292,1.0,3,1180,0,1981,0,98045,295.0,44,215909.95837235427
4.0,2.5,3670,54450,2.0,3,3670,0,1999,0,98074,734.0,26,844778.5383543292
4.0,2.5,2050,2772,2.0,3,2050,0,2012,0,98029,410.0,13,542112.2963436675
4.0,1.0,1450,8960,1.0,3,1450,0,1943,0,98146,290.0,82,289895.87140776706
3.0,2.25,1420,1309,3.0,3,1420,0,2006,0,98103,355.0,19,497486.5143615665
3.0,1.75,2880,18296,1.0,3,1580,1300,1958,0,98168,720.0,67,446511.4521467882
3.0,1.0,950,4250,1.5,5,950,0,1948,0,98122,237.5,77,456613.96217216144
3.0,2.5,2020,1159,3.0,3,2020,0,2000,3,98103,505.0,25,791421.3653019189
3.0,2.5,3240,8016,2.0,3,2910,330,2004,0,98065,810.0,21,631402.8999593178
3.0,1.75,1940,7313,1.0,4,1440,500,1960,1,98136,485.0,65,608004.0704813509
3.0,1.5,1400,1022,3.0,3,1400,0,2007,0,98115,350.0,18,466278.1539932904
3.0,2.0,1340,1384,3.0,3,1340,0,2008,0,98103,335.0,17,473200.2531135373
4.0,3.0,3060,5000,2.0,3,3060,0,2001,0,98042,612.0,24,516351.0895402573
4.0,2.5,2520,7253,2.0,3,2520,0,1990,0,98059,504.0,35,488817.67187855113
4.0,3.25,5010,34460,2.0,3,5010,0,1988,0,98006,1002.0,37,1258441.3020587852
3.0,1.5,1460,11407,1.0,3,1460,0,1954,0,98155,365.0,71,339117.7512221163
4.0,2.0,2200,7700,1.0,3,1100,1100,1979,0,98058,440.0,46,279382.89213066956
4.0,2.5,1850,50662,1.0,3,1430,420,1978,0,98052,370.0,47,532455.5467608
3.0,1.75,1490,6930,1.0,4,1490,0,1990,0,98030,372.5,35,251540.32628127886
3.0,2.5,1710,2300,2.0,3,1570,140,2005,0,98052,427.5,20,510361.03084826417
3.0,1.75,2930,19876,1.0,3,2030,900,1993,0,98072,732.5,32,604067.3655368479
3.0,2.5,950,1110,2.0,3,950,0,2003,0,98102,237.5,22,487351.2458626361
6.0,3.5,3000,8401,1.0,3,1500,1500,1979,0,98125,428.57142857142856,46,557531.0834896206
5.0,2.5,2160,7737,2.0,3,2160,0,1998,0,98065,360.0,27,403506.04628050054
2.0,2.5,2560,2500,2.0,5,1690,870,1901,0,98112,853.3333333333334,124,1075075.0175864585
3.0,2.25,1680,57063,2.0,4,1680,0,1989,0,98045,420.0,36,326375.779240389
3.0,2.5,4310,32093,1.5,5,2510,1800,1982,4,98177,1077.5,43,1179717.3201902672
3.0,2.75,2550,11160,2.0,3,2550,0,1994,0,98155,637.5,31,565729.3550186827
2.0,1.75,1410,1005,1.5,3,900,510,2011,0,98029,470.0,14,388479.9631773411
1.0,0.75,560,12120,1.0,3,560,0,1967,0,98014,280.0,58,215370.25351041392
1.0,0.75,930,29258,1.0,3,930,0,1941,0,98178,465.0,84,145614.8189915917
4.0,3.5,3290,5414,2.0,3,2360,930,2006,1,98034,658.0,19,753407.2532286493
3.0,2.5,1780,7214,1.0,4,1400,380,1986,0,98030,445.0,39,298973.22416541824
7.0,3.5,2870,29699,1.0,3,1520,1350,1961,0,98125,358.75,64,533366.037015656
3.0,2.5,2140,8925,2.0,3,2140,0,1991,0,98074,535.0,34,544361.3822875833
3.0,1.75,1900,11165,1.0,4,1900,0,1959,0,98008,475.0,66,582080.7913237119
3.0,1.0,1580,7424,1.0,3,1010,570,1962,0,98058,395.0,63,191435.2275984232
3.0,2.0,1980,12150,1.0,3,1980,0,1994,0,98042,495.0,31,310954.02197805024
4.0,2.5,2810,11120,2.0,3,2810,0,1982,0,98074,562.0,43,668411.6343516757
3.0,2.5,2650,2387,2.0,3,1830,820,1920,0,98119,662.5,105,869618.7937610936
4.0,1.75,2200,8100,1.5,5,1400,800,1942,0,98168,440.0,83,364370.81659938605
3.0,1.75,1390,18200,1.0,4,1390,0,1962,0,98023,347.5,63,176317.58033251198
2.0,1.0,770,4000,1.0,5,770,0,1924,0,98117,256.6666666666667,101,424206.67278055754
3.0,1.0,1130,10650,1.0,3,1130,0,1954,0,98188,282.5,71,99583.38053720829
3.0,1.0,1480,7830,1.0,3,1480,0,1952,0,98133,370.0,73,348324.90577675134
3.0,1.75,1400,4000,1.0,3,870,530,1951,0,98117,350.0,74,463951.5403644837
3.0,1.5,1650,9957,1.0,4,1100,550,1961,0,98125,412.5,64,383409.9836292985
4.0,2.5,2800,5900,1.0,3,1660,1140,1963,0,98115,560.0,62,730802.7263218368
4.0,3.0,3720,57499,1.0,3,1880,1840,2003,0,98014,744.0,22,711322.5533871527
2.0,1.0,840,11600,1.0,3,840,0,1952,0,98168,280.0,73,136211.56774808787
2.0,2.5,1050,1609,2.0,3,1050,0,2005,0,98144,350.0,20,427045.47872287733
3.0,1.75,1470,4950,1.0,3,1030,440,1984,0,98133,367.5,41,319699.32764989877
3.0,2.0,1340,4320,1.0,3,920,420,1912,0,98002,335.0,113,150301.51327711553
4.0,1.75,2260,7005,1.0,4,1130,1130,1947,1,98033,452.0,78,694468.3623244379
3.0,2.5,2830,6536,2.0,3,2830,0,1989,0,98072,707.5,36,659938.3920507546
3.0,2.5,1860,3730,2.0,3,1860,0,2012,0,98019,465.0,13,354215.5964244086
3.0,1.0,1050,8498,1.0,3,1050,0,1958,0,98031,262.5,67,110116.0594258079
3.0,2.5,2030,6970,2.0,4,2030,0,1991,0,98029,507.5,34,580805.6647754209
3.0,1.0,1370,7500,1.0,3,1370,0,1960,0,98014,342.5,65,361364.059056986
3.0,1.0,1010,5400,1.0,3,1010,0,1959,0,98144,252.5,66,398114.8503955386
5.0,1.5,3360,5402,2.0,3,3360,0,2014,0,98074,560.0,11,730241.8917184224
3.0,1.75,1530,10731,1.0,3,1530,0,1986,0,98028,382.5,39,354701.01963491156
4.0,2.5,2550,6256,2.0,3,2550,0,1992,0,98072,510.0,33,582666.0113240201
3.0,1.75,2870,5000,1.5,4,1840,1030,1907,0,98144,717.5,118,730679.2467486124
3.0,2.25,1450,1445,2.0,3,980,470,2005,0,98122,362.5,20,484023.79736050393
4.0,2.0,1360,60548,1.0,3,960,400,1960,0,98001,272.0,65,135670.49729868682
2.0,1.0,1160,5000,1.0,4,1160,0,1937,0,98117,386.6666666666667,88,483034.7392971885
3.0,2.5,2390,1984,2.0,3,2220,170,2008,0,98029,597.5,17,615486.3975714188
4.0,2.75,3010,15992,2.0,3,3010,0,1996,0,98075,602.0,29,736998.3264130028
4.0,2.5,2610,7091,2.0,3,2610,0,1987,0,98023,522.0,38,379569.80408876017
4.0,3.0,3600,9200,1.0,4,2100,1500,1976,4,98008,720.0,49,1023761.6950458057
4.0,1.5,1920,10403,1.0,3,1370,550,1959,0,98023,384.0,66,191181.29227838904
3.0,1.75,2380,6000,1.5,3,1320,1060,1935,0,98178,595.0,90,330011.9084773721
4.0,2.5,2760,6000,2.0,5,2230,530,1942,0,98115,552.0,83,797292.2192775579
3.0,2.5,1530,1131,3.0,3,1530,0,2009,0,98103,382.5,16,527020.7623994426
3.0,2.25,2370,217800,2.0,3,2370,0,1979,0,98053,592.5,46,625489.7731443202
4.0,1.75,1560,31299,1.0,4,1560,0,1965,0,98092,312.0,60,216952.97999835637
2.0,1.5,1140,2980,2.0,3,1140,0,1988,0,98029,380.0,37,361999.2509287359
4.0,3.0,1630,7626,1.0,5,1110,520,1990,0,98125,326.0,35,423302.9220185511
5.0,1.0,1870,7800,1.0,3,1580,290,1962,0,98168,311.6666666666667,63,273981.94570890116
3.0,1.5,1180,12324,1.0,3,800,380,1981,0,98074,295.0,44,310430.6151836164
3.0,2.25,1820,9670,2.0,3,1820,0,1984,0,98052,455.0,41,543930.6785446423
4.0,3.5,4390,11600,2.0,3,3060,1330,1990,3,98040,878.0,35,1343239.1523795528
3.0,2.0,1550,6039,1.0,5,830,720,1942,0,98126,387.5,83,422155.9178963657
4.0,2.75,2550,7636,1.0,3,1440,1110,1986,0,98074,510.0,39,545880.543884862
2.0,2.0,1570,4665,1.0,3,1570,0,2006,0,98053,523.3333333333334,19,487592.0530571565
4.0,3.5,3150,6202,2.0,3,3150,0,2005,0,98042,630.0,20,548472.5304707914
2.0,1.0,1730,6375,2.0,4,1730,0,1945,0,98126,576.6666666666666,80,466245.1995296943
5.0,2.75,2130,6222,1.0,3,1300,830,1991,0,98118,355.0,34,441810.9933307579
3.0,2.5,2420,8252,2.0,3,2420,0,1998,0,98065,605.0,27,491564.7393005944
3.0,1.0,1200,7800,1.0,4,1200,0,1954,0,98126,300.0,71,363919.4708416842
3.0,1.0,1050,7500,1.0,3,1050,0,1900,0,98136,262.5,125,384766.59071820066
3.0,1.75,1480,7700,1.0,3,1480,0,1975,0,98034,370.0,50,412530.80180204916
4.0,2.5,1811,4381,2.0,3,1811,0,2007,0,98055,362.2,18,321329.20589807926
5.0,3.5,3200,43560,2.0,3,3200,0,1989,0,98059,533.3333333333334,36,642426.1956642623
3.0,2.25,1800,43647,1.0,4,1800,0,1976,0,98072,450.0,49,490754.0380190072
3.0,2.5,2030,8398,2.0,4,2030,0,1975,0,98008,507.5,50,598154.4637691185
2.0,1.0,970,5665,1.0,4,970,0,1908,0,98118,323.3333333333333,117,314915.7787161167
4.0,3.5,4490,5099,2.0,3,3390,1100,2006,0,98065,898.0,19,828494.25701468
4.0,3.5,2970,14486,2.0,3,2340,630,1997,0,98040,594.0,28,951947.163191073
3.0,2.0,1460,10311,1.0,4,1460,0,1975,0,98052,365.0,50,513603.44694115384
4.0,1.75,3990,13470,2.0,3,3990,0,2006,0,98059,798.0,19,770239.7182367423
4.0,4.0,4420,16526,2.0,3,4420,0,2013,0,98075,884.0,12,1062395.8446152848
4.0,3.0,2130,6325,1.0,5,1440,690,1948,0,98116,426.0,77,681253.235474999
3.0,1.75,1560,9788,1.0,3,1560,0,1964,0,98178,390.0,61,265724.2068213257
3.0,1.5,1240,11200,1.0,4,1240,0,1954,0,98006,310.0,71,497026.8269104199
3.0,1.0,1060,9946,1.0,4,1060,0,1956,0,98188,265.0,69,105748.14118950989
4.0,2.0,2120,11479,1.0,4,1060,1060,1940,0,98125,424.0,85,435631.9841469958
3.0,2.75,1850,16960,1.0,4,1850,0,1953,2,98177,462.5,72,731672.9372012424
3.0,1.0,980,3090,1.5,3,980,0,1903,0,98118,245.0,122,265696.1929517723
4.0,2.5,2840,11044,2.0,3,2840,0,2001,0,98034,568.0,24,666152.5662029393
2.0,2.5,1780,2067,2.0,5,1780,0,1974,0,98004,593.3333333333334,51,1034598.190342346
4.0,2.5,3140,9225,1.0,5,1770,1370,1966,2,98057,628.0,59,600522.4099084658
3.0,2.25,2090,10733,1.0,3,1440,650,1958,0,98115,522.5,67,640095.3769665865
2.0,1.0,920,3780,1.0,3,920,0,1910,0,98103,306.6666666666667,115,451712.9245711471
3.0,2.5,2720,6014,2.0,3,2720,0,2002,0,98092,680.0,23,439249.0781291184
6.0,1.5,2550,33740,1.0,4,1750,800,1958,0,98023,364.2857142857143,67,288444.8274891481
3.0,3.25,3140,5445,2.0,4,2240,900,1913,3,98109,785.0,112,1261740.3702960091
2.0,1.0,700,6000,1.0,4,700,0,1949,0,98155,233.33333333333334,76,203551.81329661806
4.0,2.5,2570,7859,2.0,3,2570,0,1992,0,98038,514.0,33,430616.5137778859
3.0,2.25,1270,1213,2.0,3,1040,230,2005,0,98107,317.5,20,468118.86029485345
3.0,2.5,2160,3000,1.5,3,1260,900,1909,0,98118,540.0,116,470353.8568692447
4.0,2.0,1670,12056,1.0,3,1670,0,1955,0,98028,334.0,70,381062.31982434983
2.0,2.0,1270,1372,3.0,3,1270,0,2000,0,98115,423.3333333333333,25,471944.46537993243
4.0,2.5,2380,5000,2.0,3,2380,0,2005,0,98038,476.0,20,388312.14550982194
3.0,2.25,2150,30476,2.0,3,2150,0,1991,0,98188,537.5,34,312574.5247637518
5.0,3.0,2620,5477,2.0,3,2620,0,2009,0,98115,436.6666666666667,16,758702.8491502923
4.0,2.5,2060,7475,1.0,3,1440,620,1985,0,98052,412.0,40,555085.6617703589
2.0,1.0,1160,6000,1.0,4,860,300,1942,0,98115,386.6666666666667,83,483788.08508569916
3.0,1.5,1660,15600,2.0,3,1660,0,1981,0,98001,415.0,44,203398.50564245932
5.0,2.75,3030,7679,2.0,3,3030,0,2014,0,98075,505.0,11,720127.9396311903
3.0,2.0,2300,13418,1.0,3,1430,870,1955,0,98004,575.0,70,1020296.1206008488
4.0,1.75,1250,7400,1.0,5,1250,0,1959,0,98008,250.0,66,451081.0586082888
4.0,1.75,1360,4840,1.5,4,1360,0,1928,0,98126,272.0,97,393476.9599933994
3.0,1.5,1250,7700,1.0,5,1250,0,1968,0,98056,312.5,57,296051.75708651973
4.0,1.0,1450,6250,1.0,3,990,460,1964,0,98146,290.0,61,242492.24319336086
4.0,2.25,2060,5649,1.0,5,1360,700,1941,0,98199,412.0,84,727326.8964570934
3.0,1.5,1010,7683,1.5,5,1010,0,1953,0,98125,252.5,72,308953.6489784202
4.0,2.75,2500,4950,2.0,3,2500,0,2010,0,98053,500.0,15,638056.7541885758
3.0,2.0,1750,15500,1.0,3,1490,260,1982,0,98075,437.5,43,477881.7719198707
3.0,1.5,2000,7294,1.0,3,1520,480,1965,0,98118,500.0,60,450647.77774354536
3.0,1.75,1820,5500,1.0,4,1620,200,1957,0,98115,455.0,68,632700.2629380524
3.0,2.0,1460,6377,1.0,3,1460,0,1995,0,98038,365.0,30,230098.40689962928
3.0,1.5,1360,10726,1.0,4,1360,0,1966,0,98059,340.0,59,290533.5713831845
4.0,2.5,2620,8331,2.0,3,2620,0,1991,0,98058,524.0,34,452184.83129922824
3.0,2.0,1170,7258,1.0,3,1170,0,1984,0,98001,292.5,41,143151.3434523908
3.0,1.0,1000,9150,1.0,3,1000,0,1969,0,98059,250.0,56,178927.1291592844
2.0,1.0,820,6250,1.0,4,820,0,1922,0,98136,273.3333333333333,103,369306.9113503874
3.0,1.5,850,2500,1.0,3,850,0,1986,0,98106,212.5,39,202409.60154173372
3.0,1.5,1460,8710,1.0,3,1460,0,1955,0,98166,365.0,70,325852.56724366173
4.0,2.5,2800,8494,2.0,3,2800,0,2004,0,98038,560.0,21,475998.7700930672
2.0,1.0,1380,4390,1.0,4,880,500,1931,0,98115,460.0,94,514051.8020764303
3.0,2.5,1350,1250,3.0,3,1270,80,2006,0,98136,337.5,19,402423.28842354857
3.0,2.5,1950,6871,2.0,3,1950,0,1997,0,98155,487.5,28,432116.6410045144
3.0,2.5,1060,1536,2.0,3,1060,0,2000,0,98117,265.0,25,424147.3238358918
3.0,1.75,1410,8100,2.0,3,1410,0,1985,0,98038,352.5,40,185539.79396775627
4.0,2.5,1800,8100,2.0,3,1800,0,1998,0,98038,360.0,27,269134.3918258621
3.0,1.5,1220,7300,1.0,3,1220,0,1973,0,98001,305.0,52,141724.67521738925
